epoch,cond,channel,pid,win,session,band,power,iaf,ch_name
0.0,S2-B1,0.0,P41,post,S2,alpha,5.471498567805252e-09,11.0,Pz
0.0,S2-B1,0.0,P41,pre,S2,alpha,5.4490564948036046e-09,11.0,Pz
0.0,S2-B1,0.0,P41,slice,S2,alpha,5.201980664136216e-09,11.0,Pz
0.0,S2-B1,1.0,P41,post,S2,alpha,4.653405815823081e-09,11.0,P3
0.0,S2-B1,1.0,P41,pre,S2,alpha,4.6088229909912594e-09,11.0,P3
0.0,S2-B1,1.0,P41,slice,S2,alpha,4.1834040168185165e-09,11.0,P3
0.0,S2-B1,2.0,P41,post,S2,alpha,4.20765823925673e-09,11.0,O1
0.0,S2-B1,2.0,P41,pre,S2,alpha,4.082971429302309e-09,11.0,O1
0.0,S2-B1,2.0,P41,slice,S2,alpha,3.665820066498081e-09,11.0,O1
0.0,S2-B1,3.0,P41,post,S2,alpha,4.576873465106283e-09,11.0,Oz
0.0,S2-B1,3.0,P41,pre,S2,alpha,4.45348427085867e-09,11.0,Oz
0.0,S2-B1,3.0,P41,slice,S2,alpha,4.185014772808654e-09,11.0,Oz
0.0,S2-B1,4.0,P41,post,S2,alpha,5.364620055241581e-09,11.0,O2
0.0,S2-B1,4.0,P41,pre,S2,alpha,5.269518949612304e-09,11.0,O2
0.0,S2-B1,4.0,P41,slice,S2,alpha,5.203137301259108e-09,11.0,O2
0.0,S2-B1,5.0,P41,post,S2,alpha,6.5838609543114746e-09,11.0,P4
0.0,S2-B1,5.0,P41,pre,S2,alpha,6.53005005854363e-09,11.0,P4
0.0,S2-B1,5.0,P41,slice,S2,alpha,6.683799871830974e-09,11.0,P4
1.0,S2-B1,0.0,P41,post,S2,alpha,5.001748085949364e-09,11.0,Pz
1.0,S2-B1,0.0,P41,pre,S2,alpha,5.62259731918412e-09,11.0,Pz
1.0,S2-B1,0.0,P41,slice,S2,alpha,5.222398437863104e-09,11.0,Pz
1.0,S2-B1,1.0,P41,post,S2,alpha,4.038002390843362e-09,11.0,P3
1.0,S2-B1,1.0,P41,pre,S2,alpha,4.5657288388044774e-09,11.0,P3
1.0,S2-B1,1.0,P41,slice,S2,alpha,4.200826469670015e-09,11.0,P3
1.0,S2-B1,2.0,P41,post,S2,alpha,3.4513450617369445e-09,11.0,O1
1.0,S2-B1,2.0,P41,pre,S2,alpha,3.6889685270912295e-09,11.0,O1
1.0,S2-B1,2.0,P41,slice,S2,alpha,3.680122068092842e-09,11.0,O1
1.0,S2-B1,3.0,P41,post,S2,alpha,3.869615092529193e-09,11.0,Oz
1.0,S2-B1,3.0,P41,pre,S2,alpha,3.9914981304108055e-09,11.0,Oz
1.0,S2-B1,3.0,P41,slice,S2,alpha,4.199854861565217e-09,11.0,Oz
1.0,S2-B1,4.0,P41,post,S2,alpha,4.771134580819579e-09,11.0,O2
1.0,S2-B1,4.0,P41,pre,S2,alpha,4.850507838907816e-09,11.0,O2
1.0,S2-B1,4.0,P41,slice,S2,alpha,5.221456826258254e-09,11.0,O2
1.0,S2-B1,5.0,P41,post,S2,alpha,6.155917671163365e-09,11.0,P4
1.0,S2-B1,5.0,P41,pre,S2,alpha,6.288918093281246e-09,11.0,P4
1.0,S2-B1,5.0,P41,slice,S2,alpha,6.7073893749110025e-09,11.0,P4
2.0,S2-B1,0.0,P41,post,S2,alpha,4.78868009311955e-09,11.0,Pz
2.0,S2-B1,0.0,P41,pre,S2,alpha,4.845200191045958e-09,11.0,Pz
2.0,S2-B1,0.0,P41,slice,S2,alpha,5.203890389231295e-09,11.0,Pz
2.0,S2-B1,1.0,P41,post,S2,alpha,3.895838827284283e-09,11.0,P3
2.0,S2-B1,1.0,P41,pre,S2,alpha,3.829003818032951e-09,11.0,P3
2.0,S2-B1,1.0,P41,slice,S2,alpha,4.185001001320106e-09,11.0,P3
2.0,S2-B1,2.0,P41,post,S2,alpha,3.3962176213160376e-09,11.0,O1
2.0,S2-B1,2.0,P41,pre,S2,alpha,3.29641428788035e-09,11.0,O1
2.0,S2-B1,2.0,P41,slice,S2,alpha,3.666445225358884e-09,11.0,O1
2.0,S2-B1,3.0,P41,post,S2,alpha,3.8194130681925326e-09,11.0,Oz
2.0,S2-B1,3.0,P41,pre,S2,alpha,3.806431398711664e-09,11.0,Oz
2.0,S2-B1,3.0,P41,slice,S2,alpha,4.184962355431692e-09,11.0,Oz
2.0,S2-B1,4.0,P41,post,S2,alpha,4.698766133687948e-09,11.0,O2
2.0,S2-B1,4.0,P41,pre,S2,alpha,4.8245162109574314e-09,11.0,O2
2.0,S2-B1,4.0,P41,slice,S2,alpha,5.204060645021163e-09,11.0,O2
2.0,S2-B1,5.0,P41,post,S2,alpha,6.02310299943675e-09,11.0,P4
2.0,S2-B1,5.0,P41,pre,S2,alpha,6.31615208258358e-09,11.0,P4
2.0,S2-B1,5.0,P41,slice,S2,alpha,6.685595072742935e-09,11.0,P4
3.0,S2-B1,0.0,P41,post,S2,alpha,5.637597690901496e-09,11.0,Pz
3.0,S2-B1,0.0,P41,pre,S2,alpha,5.3903596101143405e-09,11.0,Pz
3.0,S2-B1,0.0,P41,slice,S2,alpha,5.17486163196913e-09,11.0,Pz
3.0,S2-B1,1.0,P41,post,S2,alpha,4.567956922545319e-09,11.0,P3
3.0,S2-B1,1.0,P41,pre,S2,alpha,4.332564358640816e-09,11.0,P3
3.0,S2-B1,1.0,P41,slice,S2,alpha,4.162006495641235e-09,11.0,P3
3.0,S2-B1,2.0,P41,post,S2,alpha,3.744736862793855e-09,11.0,O1
3.0,S2-B1,2.0,P41,pre,S2,alpha,3.685141923112405e-09,11.0,O1
3.0,S2-B1,2.0,P41,slice,S2,alpha,3.6468677293881116e-09,11.0,O1
3.0,S2-B1,3.0,P41,post,S2,alpha,4.117714299274853e-09,11.0,Oz
3.0,S2-B1,3.0,P41,pre,S2,alpha,4.173493116511087e-09,11.0,Oz
3.0,S2-B1,3.0,P41,slice,S2,alpha,4.162697256627235e-09,11.0,Oz
3.0,S2-B1,4.0,P41,post,S2,alpha,5.054846270938516e-09,11.0,O2
3.0,S2-B1,4.0,P41,pre,S2,alpha,5.1891597923298675e-09,11.0,O2
3.0,S2-B1,4.0,P41,slice,S2,alpha,5.174434472777516e-09,11.0,O2
3.0,S2-B1,5.0,P41,post,S2,alpha,6.524991532430866e-09,11.0,P4
3.0,S2-B1,5.0,P41,pre,S2,alpha,6.668548432147561e-09,11.0,P4
3.0,S2-B1,5.0,P41,slice,S2,alpha,6.646776207670349e-09,11.0,P4
4.0,S2-B1,0.0,P41,post,S2,alpha,5.5500939078918715e-09,11.0,Pz
4.0,S2-B1,0.0,P41,pre,S2,alpha,5.286470609785903e-09,11.0,Pz
4.0,S2-B1,0.0,P41,slice,S2,alpha,5.3120396490533556e-09,11.0,Pz
4.0,S2-B1,1.0,P41,post,S2,alpha,4.43821997910806e-09,11.0,P3
4.0,S2-B1,1.0,P41,pre,S2,alpha,4.13815616010437e-09,11.0,P3
4.0,S2-B1,1.0,P41,slice,S2,alpha,4.272755704089377e-09,11.0,P3
4.0,S2-B1,2.0,P41,post,S2,alpha,3.703327061086243e-09,11.0,O1
4.0,S2-B1,2.0,P41,pre,S2,alpha,3.41448266333079e-09,11.0,O1
4.0,S2-B1,2.0,P41,slice,S2,alpha,3.743905805772995e-09,11.0,O1
4.0,S2-B1,3.0,P41,post,S2,alpha,4.173887630849489e-09,11.0,Oz
4.0,S2-B1,3.0,P41,pre,S2,alpha,3.937961530898072e-09,11.0,Oz
4.0,S2-B1,3.0,P41,slice,S2,alpha,4.2736343363654116e-09,11.0,Oz
4.0,S2-B1,4.0,P41,post,S2,alpha,5.215584596239424e-09,11.0,O2
4.0,S2-B1,4.0,P41,pre,S2,alpha,5.027042621839747e-09,11.0,O2
4.0,S2-B1,4.0,P41,slice,S2,alpha,5.313883357458791e-09,11.0,O2
4.0,S2-B1,5.0,P41,post,S2,alpha,6.785154604070868e-09,11.0,P4
4.0,S2-B1,5.0,P41,pre,S2,alpha,6.59856367450559e-09,11.0,P4
4.0,S2-B1,5.0,P41,slice,S2,alpha,6.8266025173428486e-09,11.0,P4
5.0,S2-B1,0.0,P41,post,S2,alpha,4.624450896869748e-09,11.0,Pz
5.0,S2-B1,0.0,P41,pre,S2,alpha,4.912886932484893e-09,11.0,Pz
5.0,S2-B1,0.0,P41,slice,S2,alpha,5.2018918891067984e-09,11.0,Pz
5.0,S2-B1,1.0,P41,post,S2,alpha,3.646456682035276e-09,11.0,P3
5.0,S2-B1,1.0,P41,pre,S2,alpha,3.883442754467388e-09,11.0,P3
5.0,S2-B1,1.0,P41,slice,S2,alpha,4.185388488570776e-09,11.0,P3
5.0,S2-B1,2.0,P41,post,S2,alpha,3.0899174634074153e-09,11.0,O1
5.0,S2-B1,2.0,P41,pre,S2,alpha,3.427235815074856e-09,11.0,O1
5.0,S2-B1,2.0,P41,slice,S2,alpha,3.6667408213636966e-09,11.0,O1
5.0,S2-B1,3.0,P41,post,S2,alpha,3.5472304294446736e-09,11.0,Oz
5.0,S2-B1,3.0,P41,pre,S2,alpha,4.000049270308957e-09,11.0,Oz
5.0,S2-B1,3.0,P41,slice,S2,alpha,4.1846794476927115e-09,11.0,Oz
5.0,S2-B1,4.0,P41,post,S2,alpha,4.4827799815839855e-09,11.0,O2
5.0,S2-B1,4.0,P41,pre,S2,alpha,5.068816849358781e-09,11.0,O2
5.0,S2-B1,4.0,P41,slice,S2,alpha,5.202247949181172e-09,11.0,O2
5.0,S2-B1,5.0,P41,post,S2,alpha,5.8662530672687194e-09,11.0,P4
5.0,S2-B1,5.0,P41,pre,S2,alpha,6.584393391020582e-09,11.0,P4
5.0,S2-B1,5.0,P41,slice,S2,alpha,6.681941273942724e-09,11.0,P4
6.0,S2-B1,0.0,P41,post,S2,alpha,5.213247396421515e-09,11.0,Pz
6.0,S2-B1,0.0,P41,pre,S2,alpha,4.820560998153564e-09,11.0,Pz
6.0,S2-B1,0.0,P41,slice,S2,alpha,5.170831761343805e-09,11.0,Pz
6.0,S2-B1,1.0,P41,post,S2,alpha,4.084339563067336e-09,11.0,P3
6.0,S2-B1,1.0,P41,pre,S2,alpha,3.858635497577512e-09,11.0,P3
6.0,S2-B1,1.0,P41,slice,S2,alpha,4.159245812549946e-09,11.0,P3
6.0,S2-B1,2.0,P41,post,S2,alpha,3.6362186798547835e-09,11.0,O1
6.0,S2-B1,2.0,P41,pre,S2,alpha,3.5169148417594265e-09,11.0,O1
6.0,S2-B1,2.0,P41,slice,S2,alpha,3.6446582215977755e-09,11.0,O1
6.0,S2-B1,3.0,P41,post,S2,alpha,4.313370758030006e-09,11.0,Oz
6.0,S2-B1,3.0,P41,pre,S2,alpha,4.099812242496319e-09,11.0,Oz
6.0,S2-B1,3.0,P41,slice,S2,alpha,4.160750164993111e-09,11.0,Oz
6.0,S2-B1,4.0,P41,post,S2,alpha,5.513582960720169e-09,11.0,O2
6.0,S2-B1,4.0,P41,pre,S2,alpha,5.12968708076602e-09,11.0,O2
6.0,S2-B1,4.0,P41,slice,S2,alpha,5.172895934560436e-09,11.0,O2
6.0,S2-B1,5.0,P41,post,S2,alpha,7.13433463473861e-09,11.0,P4
6.0,S2-B1,5.0,P41,pre,S2,alpha,6.54841658498215e-09,11.0,P4
6.0,S2-B1,5.0,P41,slice,S2,alpha,6.644467608483527e-09,11.0,P4
7.0,S2-B1,0.0,P41,post,S2,alpha,5.139314076828522e-09,11.0,Pz
7.0,S2-B1,0.0,P41,pre,S2,alpha,5.072476332029113e-09,11.0,Pz
7.0,S2-B1,0.0,P41,slice,S2,alpha,5.190218339690319e-09,11.0,Pz
7.0,S2-B1,1.0,P41,post,S2,alpha,4.146951133166971e-09,11.0,P3
7.0,S2-B1,1.0,P41,pre,S2,alpha,4.151165062886408e-09,11.0,P3
7.0,S2-B1,1.0,P41,slice,S2,alpha,4.175581380905176e-09,11.0,P3
7.0,S2-B1,2.0,P41,post,S2,alpha,3.752025662647661e-09,11.0,O1
7.0,S2-B1,2.0,P41,pre,S2,alpha,3.974350888973925e-09,11.0,O1
7.0,S2-B1,2.0,P41,slice,S2,alpha,3.6587579243115323e-09,11.0,O1
7.0,S2-B1,3.0,P41,post,S2,alpha,4.347953359240739e-09,11.0,Oz
7.0,S2-B1,3.0,P41,pre,S2,alpha,4.6380051008406445e-09,11.0,Oz
7.0,S2-B1,3.0,P41,slice,S2,alpha,4.17556145409244e-09,11.0,Oz
7.0,S2-B1,4.0,P41,post,S2,alpha,5.407962564161673e-09,11.0,O2
7.0,S2-B1,4.0,P41,pre,S2,alpha,5.7083858297173265e-09,11.0,O2
7.0,S2-B1,4.0,P41,slice,S2,alpha,5.190506622339426e-09,11.0,O2
7.0,S2-B1,5.0,P41,post,S2,alpha,6.850146894780083e-09,11.0,P4
7.0,S2-B1,5.0,P41,pre,S2,alpha,7.116460746295688e-09,11.0,P4
7.0,S2-B1,5.0,P41,slice,S2,alpha,6.6671123898934755e-09,11.0,P4
8.0,S2-B1,0.0,P41,post,S2,alpha,4.664024481482062e-09,11.0,Pz
8.0,S2-B1,0.0,P41,pre,S2,alpha,4.735538249990925e-09,11.0,Pz
8.0,S2-B1,0.0,P41,slice,S2,alpha,5.1556324294306795e-09,11.0,Pz
8.0,S2-B1,1.0,P41,post,S2,alpha,3.6831476188372907e-09,11.0,P3
8.0,S2-B1,1.0,P41,pre,S2,alpha,3.859448343436058e-09,11.0,P3
8.0,S2-B1,1.0,P41,slice,S2,alpha,4.147068618267968e-09,11.0,P3
8.0,S2-B1,2.0,P41,post,S2,alpha,3.191733741185887e-09,11.0,O1
8.0,S2-B1,2.0,P41,pre,S2,alpha,3.47536475741386e-09,11.0,O1
8.0,S2-B1,2.0,P41,slice,S2,alpha,3.6338282387574367e-09,11.0,O1
8.0,S2-B1,3.0,P41,post,S2,alpha,3.6926238711505554e-09,11.0,Oz
8.0,S2-B1,3.0,P41,pre,S2,alpha,3.942081282161282e-09,11.0,Oz
8.0,S2-B1,3.0,P41,slice,S2,alpha,4.147529778970655e-09,11.0,Oz
8.0,S2-B1,4.0,P41,post,S2,alpha,4.663665296486479e-09,11.0,O2
8.0,S2-B1,4.0,P41,pre,S2,alpha,4.824080040775116e-09,11.0,O2
8.0,S2-B1,4.0,P41,slice,S2,alpha,5.156117427068494e-09,11.0,O2
8.0,S2-B1,5.0,P41,post,S2,alpha,6.074045634514802e-09,11.0,P4
8.0,S2-B1,5.0,P41,pre,S2,alpha,6.110201562499224e-09,11.0,P4
8.0,S2-B1,5.0,P41,slice,S2,alpha,6.623366328986774e-09,11.0,P4
9.0,S2-B1,0.0,P41,post,S2,alpha,4.743860437360771e-09,11.0,Pz
9.0,S2-B1,0.0,P41,pre,S2,alpha,4.7975636792823765e-09,11.0,Pz
9.0,S2-B1,0.0,P41,slice,S2,alpha,5.197469458265946e-09,11.0,Pz
9.0,S2-B1,1.0,P41,post,S2,alpha,3.8933439871816355e-09,11.0,P3
9.0,S2-B1,1.0,P41,pre,S2,alpha,3.8849185941075345e-09,11.0,P3
9.0,S2-B1,1.0,P41,slice,S2,alpha,4.180844834561928e-09,11.0,P3
9.0,S2-B1,2.0,P41,post,S2,alpha,3.788970004218844e-09,11.0,O1
9.0,S2-B1,2.0,P41,pre,S2,alpha,3.5102736625300228e-09,11.0,O1
9.0,S2-B1,2.0,P41,slice,S2,alpha,3.6636121741511533e-09,11.0,O1
9.0,S2-B1,3.0,P41,post,S2,alpha,4.425100629938741e-09,11.0,Oz
9.0,S2-B1,3.0,P41,pre,S2,alpha,4.025203846518209e-09,11.0,Oz
9.0,S2-B1,3.0,P41,slice,S2,alpha,4.1815237052548636e-09,11.0,Oz
9.0,S2-B1,4.0,P41,post,S2,alpha,5.451522468678709e-09,11.0,O2
9.0,S2-B1,4.0,P41,pre,S2,alpha,4.993716359554279e-09,11.0,O2
9.0,S2-B1,4.0,P41,slice,S2,alpha,5.198603385101951e-09,11.0,O2
9.0,S2-B1,5.0,P41,post,S2,alpha,6.82657876905275e-09,11.0,P4
9.0,S2-B1,5.0,P41,pre,S2,alpha,6.39110989811585e-09,11.0,P4
9.0,S2-B1,5.0,P41,slice,S2,alpha,6.67728383268274e-09,11.0,P4
10.0,S2-B1,0.0,P41,post,S2,alpha,5.30752268154023e-09,11.0,Pz
10.0,S2-B1,0.0,P41,pre,S2,alpha,5.380345829238729e-09,11.0,Pz
10.0,S2-B1,0.0,P41,slice,S2,alpha,5.266451260075534e-09,11.0,Pz
10.0,S2-B1,1.0,P41,post,S2,alpha,4.494552156036835e-09,11.0,P3
10.0,S2-B1,1.0,P41,pre,S2,alpha,4.587334969762476e-09,11.0,P3
10.0,S2-B1,1.0,P41,slice,S2,alpha,4.236281805972439e-09,11.0,P3
10.0,S2-B1,2.0,P41,post,S2,alpha,4.186902366983683e-09,11.0,O1
10.0,S2-B1,2.0,P41,pre,S2,alpha,4.23053245098365e-09,11.0,O1
10.0,S2-B1,2.0,P41,slice,S2,alpha,3.7112293983948234e-09,11.0,O1
10.0,S2-B1,3.0,P41,post,S2,alpha,4.643810777627763e-09,11.0,Oz
10.0,S2-B1,3.0,P41,pre,S2,alpha,4.65799497341191e-09,11.0,Oz
10.0,S2-B1,3.0,P41,slice,S2,alpha,4.235271371146106e-09,11.0,Oz
10.0,S2-B1,4.0,P41,post,S2,alpha,5.491290486784358e-09,11.0,O2
10.0,S2-B1,4.0,P41,pre,S2,alpha,5.491652486361477e-09,11.0,O2
10.0,S2-B1,4.0,P41,slice,S2,alpha,5.264445936714076e-09,11.0,O2
10.0,S2-B1,5.0,P41,post,S2,alpha,6.724441853729877e-09,11.0,P4
10.0,S2-B1,5.0,P41,pre,S2,alpha,6.731831501125705e-09,11.0,P4
10.0,S2-B1,5.0,P41,slice,S2,alpha,6.761894380149933e-09,11.0,P4
11.0,S2-B1,0.0,P41,post,S2,alpha,4.987968330241294e-09,11.0,Pz
11.0,S2-B1,0.0,P41,pre,S2,alpha,5.415701593643168e-09,11.0,Pz
11.0,S2-B1,0.0,P41,slice,S2,alpha,5.258329390671205e-09,11.0,Pz
11.0,S2-B1,1.0,P41,post,S2,alpha,4.0148562167386966e-09,11.0,P3
11.0,S2-B1,1.0,P41,pre,S2,alpha,4.448600599574443e-09,11.0,P3
11.0,S2-B1,1.0,P41,slice,S2,alpha,4.2290825100366034e-09,11.0,P3
11.0,S2-B1,2.0,P41,post,S2,alpha,3.478395912487225e-09,11.0,O1
11.0,S2-B1,2.0,P41,pre,S2,alpha,3.7103684703471357e-09,11.0,O1
11.0,S2-B1,2.0,P41,slice,S2,alpha,3.7045093998400608e-09,11.0,O1
11.0,S2-B1,3.0,P41,post,S2,alpha,3.934496387597581e-09,11.0,Oz
11.0,S2-B1,3.0,P41,pre,S2,alpha,4.01744538832639e-09,11.0,Oz
11.0,S2-B1,3.0,P41,slice,S2,alpha,4.2283846380058704e-09,11.0,Oz
11.0,S2-B1,4.0,P41,post,S2,alpha,4.870454924005596e-09,11.0,O2
11.0,S2-B1,4.0,P41,pre,S2,alpha,4.824423878572417e-09,11.0,O2
11.0,S2-B1,4.0,P41,slice,S2,alpha,5.257713561800209e-09,11.0,O2
11.0,S2-B1,5.0,P41,post,S2,alpha,6.278993459525899e-09,11.0,P4
11.0,S2-B1,5.0,P41,pre,S2,alpha,6.163352624645924e-09,11.0,P4
11.0,S2-B1,5.0,P41,slice,S2,alpha,6.754614573354692e-09,11.0,P4
12.0,S2-B1,0.0,P41,post,S2,alpha,4.845452130546619e-09,11.0,Pz
12.0,S2-B1,0.0,P41,pre,S2,alpha,4.7916591165678334e-09,11.0,Pz
12.0,S2-B1,0.0,P41,slice,S2,alpha,5.226450165872043e-09,11.0,Pz
12.0,S2-B1,1.0,P41,post,S2,alpha,3.992726865257712e-09,11.0,P3
12.0,S2-B1,1.0,P41,pre,S2,alpha,3.8038337502585515e-09,11.0,P3
12.0,S2-B1,1.0,P41,slice,S2,alpha,4.203917437353221e-09,11.0,P3
12.0,S2-B1,2.0,P41,post,S2,alpha,3.588038605157645e-09,11.0,O1
12.0,S2-B1,2.0,P41,pre,S2,alpha,3.284959075987977e-09,11.0,O1
12.0,S2-B1,2.0,P41,slice,S2,alpha,3.6832177265878767e-09,11.0,O1
12.0,S2-B1,3.0,P41,post,S2,alpha,4.038881836304611e-09,11.0,Oz
12.0,S2-B1,3.0,P41,pre,S2,alpha,3.776564545972981e-09,11.0,Oz
12.0,S2-B1,3.0,P41,slice,S2,alpha,4.204369754583429e-09,11.0,Oz
12.0,S2-B1,4.0,P41,post,S2,alpha,4.926311609198106e-09,11.0,O2
12.0,S2-B1,4.0,P41,pre,S2,alpha,4.763129593806361e-09,11.0,O2
12.0,S2-B1,4.0,P41,slice,S2,alpha,5.227311005703548e-09,11.0,O2
12.0,S2-B1,5.0,P41,post,S2,alpha,6.243274791111982e-09,11.0,P4
12.0,S2-B1,5.0,P41,pre,S2,alpha,6.21853247205403e-09,11.0,P4
12.0,S2-B1,5.0,P41,slice,S2,alpha,6.714710748507344e-09,11.0,P4
13.0,S2-B1,0.0,P41,post,S2,alpha,5.587203962117512e-09,11.0,Pz
13.0,S2-B1,0.0,P41,pre,S2,alpha,5.464737710491351e-09,11.0,Pz
13.0,S2-B1,0.0,P41,slice,S2,alpha,5.338060892496167e-09,11.0,Pz
13.0,S2-B1,1.0,P41,post,S2,alpha,4.6247362868075375e-09,11.0,P3
13.0,S2-B1,1.0,P41,pre,S2,alpha,4.458943011275594e-09,11.0,P3
13.0,S2-B1,1.0,P41,slice,S2,alpha,4.293919787694334e-09,11.0,P3
13.0,S2-B1,2.0,P41,post,S2,alpha,3.868633436403124e-09,11.0,O1
13.0,S2-B1,2.0,P41,pre,S2,alpha,3.767761598925697e-09,11.0,O1
13.0,S2-B1,2.0,P41,slice,S2,alpha,3.7619706679950865e-09,11.0,O1
13.0,S2-B1,3.0,P41,post,S2,alpha,4.180525743027316e-09,11.0,Oz
13.0,S2-B1,3.0,P41,pre,S2,alpha,4.1803274333976805e-09,11.0,Oz
13.0,S2-B1,3.0,P41,slice,S2,alpha,4.293687555754235e-09,11.0,Oz
13.0,S2-B1,4.0,P41,post,S2,alpha,5.007783973108797e-09,11.0,O2
13.0,S2-B1,4.0,P41,pre,S2,alpha,5.1143746315238505e-09,11.0,O2
13.0,S2-B1,4.0,P41,slice,S2,alpha,5.337918633794093e-09,11.0,O2
13.0,S2-B1,5.0,P41,post,S2,alpha,6.352454510771535e-09,11.0,P4
13.0,S2-B1,5.0,P41,pre,S2,alpha,6.526314993521455e-09,11.0,P4
13.0,S2-B1,5.0,P41,slice,S2,alpha,6.856560752589175e-09,11.0,P4
14.0,S2-B1,0.0,P41,post,S2,alpha,5.2021480709894476e-09,11.0,Pz
14.0,S2-B1,0.0,P41,pre,S2,alpha,5.5098200608631925e-09,11.0,Pz
14.0,S2-B1,0.0,P41,slice,S2,alpha,5.198509015016419e-09,11.0,Pz
14.0,S2-B1,1.0,P41,post,S2,alpha,4.1814118218060535e-09,11.0,P3
14.0,S2-B1,1.0,P41,pre,S2,alpha,4.347550940353259e-09,11.0,P3
14.0,S2-B1,1.0,P41,slice,S2,alpha,4.1816712113639835e-09,11.0,P3
14.0,S2-B1,2.0,P41,post,S2,alpha,3.489849337805767e-09,11.0,O1
14.0,S2-B1,2.0,P41,pre,S2,alpha,3.476727999600339e-09,11.0,O1
14.0,S2-B1,2.0,P41,slice,S2,alpha,3.664974031149061e-09,11.0,O1
14.0,S2-B1,3.0,P41,post,S2,alpha,3.901243488563614e-09,11.0,Oz
14.0,S2-B1,3.0,P41,pre,S2,alpha,3.908176114458706e-09,11.0,Oz
14.0,S2-B1,3.0,P41,slice,S2,alpha,4.18251200493864e-09,11.0,Oz
14.0,S2-B1,4.0,P41,post,S2,alpha,4.8385366488139536e-09,11.0,O2
14.0,S2-B1,4.0,P41,pre,S2,alpha,4.93460921095443e-09,11.0,O2
14.0,S2-B1,4.0,P41,slice,S2,alpha,5.199067640082331e-09,11.0,O2
14.0,S2-B1,5.0,P41,post,S2,alpha,6.284509096709201e-09,11.0,P4
14.0,S2-B1,5.0,P41,pre,S2,alpha,6.504842642807071e-09,11.0,P4
14.0,S2-B1,5.0,P41,slice,S2,alpha,6.678454152046459e-09,11.0,P4
15.0,S2-B1,0.0,P41,post,S2,alpha,4.843366819509923e-09,11.0,Pz
15.0,S2-B1,0.0,P41,pre,S2,alpha,4.666048846986157e-09,11.0,Pz
15.0,S2-B1,0.0,P41,slice,S2,alpha,5.196048997797818e-09,11.0,Pz
15.0,S2-B1,1.0,P41,post,S2,alpha,3.8467499362068735e-09,11.0,P3
15.0,S2-B1,1.0,P41,pre,S2,alpha,3.6731215694912835e-09,11.0,P3
15.0,S2-B1,1.0,P41,slice,S2,alpha,4.1801140498634656e-09,11.0,P3
15.0,S2-B1,2.0,P41,post,S2,alpha,3.25549485649472e-09,11.0,O1
15.0,S2-B1,2.0,P41,pre,S2,alpha,3.1987305229108854e-09,11.0,O1
15.0,S2-B1,2.0,P41,slice,S2,alpha,3.662026430821889e-09,11.0,O1
15.0,S2-B1,3.0,P41,post,S2,alpha,3.7063323431289443e-09,11.0,Oz
15.0,S2-B1,3.0,P41,pre,S2,alpha,3.729252468179266e-09,11.0,Oz
15.0,S2-B1,3.0,P41,slice,S2,alpha,4.179478297983148e-09,11.0,Oz
15.0,S2-B1,4.0,P41,post,S2,alpha,4.653204466150131e-09,11.0,O2
15.0,S2-B1,4.0,P41,pre,S2,alpha,4.745218936974803e-09,11.0,O2
15.0,S2-B1,4.0,P41,slice,S2,alpha,5.196230976465172e-09,11.0,O2
15.0,S2-B1,5.0,P41,post,S2,alpha,6.0684791004546125e-09,11.0,P4
15.0,S2-B1,5.0,P41,pre,S2,alpha,6.201018859484795e-09,11.0,P4
15.0,S2-B1,5.0,P41,slice,S2,alpha,6.674707861375539e-09,11.0,P4
16.0,S2-B1,0.0,P41,post,S2,alpha,5.320903115474488e-09,11.0,Pz
16.0,S2-B1,0.0,P41,pre,S2,alpha,4.998441561189578e-09,11.0,Pz
16.0,S2-B1,0.0,P41,slice,S2,alpha,5.221859685277821e-09,11.0,Pz
16.0,S2-B1,1.0,P41,post,S2,alpha,4.172885854651173e-09,11.0,P3
16.0,S2-B1,1.0,P41,pre,S2,alpha,3.982713108564767e-09,11.0,P3
16.0,S2-B1,1.0,P41,slice,S2,alpha,4.199358584337475e-09,11.0,P3
16.0,S2-B1,2.0,P41,post,S2,alpha,3.537654448385569e-09,11.0,O1
16.0,S2-B1,2.0,P41,pre,S2,alpha,3.556309667937879e-09,11.0,O1
16.0,S2-B1,2.0,P41,slice,S2,alpha,3.67886691008298e-09,11.0,O1
16.0,S2-B1,3.0,P41,post,S2,alpha,4.111562530716566e-09,11.0,Oz
16.0,S2-B1,3.0,P41,pre,S2,alpha,4.137797592679942e-09,11.0,Oz
16.0,S2-B1,3.0,P41,slice,S2,alpha,4.199758100296452e-09,11.0,Oz
16.0,S2-B1,4.0,P41,post,S2,alpha,5.241776660746932e-09,11.0,O2
16.0,S2-B1,4.0,P41,pre,S2,alpha,5.1948308274417096e-09,11.0,O2
16.0,S2-B1,4.0,P41,slice,S2,alpha,5.221803316641693e-09,11.0,O2
16.0,S2-B1,5.0,P41,post,S2,alpha,6.838128580640755e-09,11.0,P4
16.0,S2-B1,5.0,P41,pre,S2,alpha,6.657288058480487e-09,11.0,P4
16.0,S2-B1,5.0,P41,slice,S2,alpha,6.708257208006803e-09,11.0,P4
17.0,S2-B1,0.0,P41,post,S2,alpha,5.136298641807122e-09,11.0,Pz
17.0,S2-B1,0.0,P41,pre,S2,alpha,5.232947020162131e-09,11.0,Pz
17.0,S2-B1,0.0,P41,slice,S2,alpha,5.221567884247115e-09,11.0,Pz
17.0,S2-B1,1.0,P41,post,S2,alpha,4.101370418358532e-09,11.0,P3
17.0,S2-B1,1.0,P41,pre,S2,alpha,4.178173661990109e-09,11.0,P3
17.0,S2-B1,1.0,P41,slice,S2,alpha,4.199938508521079e-09,11.0,P3
17.0,S2-B1,2.0,P41,post,S2,alpha,3.576758515706017e-09,11.0,O1
17.0,S2-B1,2.0,P41,pre,S2,alpha,3.837744487978962e-09,11.0,O1
17.0,S2-B1,2.0,P41,slice,S2,alpha,3.6805462190568782e-09,11.0,O1
17.0,S2-B1,3.0,P41,post,S2,alpha,4.130015933875406e-09,11.0,Oz
17.0,S2-B1,3.0,P41,pre,S2,alpha,4.525596136254101e-09,11.0,Oz
17.0,S2-B1,3.0,P41,slice,S2,alpha,4.20030968351027e-09,11.0,Oz
17.0,S2-B1,4.0,P41,post,S2,alpha,5.18834189470866e-09,11.0,O2
17.0,S2-B1,4.0,P41,pre,S2,alpha,5.689375700021606e-09,11.0,O2
17.0,S2-B1,4.0,P41,slice,S2,alpha,5.220792699617309e-09,11.0,O2
17.0,S2-B1,5.0,P41,post,S2,alpha,6.671608217774002e-09,11.0,P4
17.0,S2-B1,5.0,P41,pre,S2,alpha,7.231300474576987e-09,11.0,P4
17.0,S2-B1,5.0,P41,slice,S2,alpha,6.70607199318222e-09,11.0,P4
18.0,S2-B1,0.0,P41,post,S2,alpha,4.708175532571615e-09,11.0,Pz
18.0,S2-B1,0.0,P41,pre,S2,alpha,4.696842783099728e-09,11.0,Pz
18.0,S2-B1,0.0,P41,slice,S2,alpha,5.289473858995141e-09,11.0,Pz
18.0,S2-B1,1.0,P41,post,S2,alpha,3.7076919783612735e-09,11.0,P3
18.0,S2-B1,1.0,P41,pre,S2,alpha,3.783579134286748e-09,11.0,P3
18.0,S2-B1,1.0,P41,slice,S2,alpha,4.254412319169164e-09,11.0,P3
18.0,S2-B1,2.0,P41,post,S2,alpha,3.1885128153601698e-09,11.0,O1
18.0,S2-B1,2.0,P41,pre,S2,alpha,3.4095295922610804e-09,11.0,O1
18.0,S2-B1,2.0,P41,slice,S2,alpha,3.727961197999063e-09,11.0,O1
18.0,S2-B1,3.0,P41,post,S2,alpha,3.6909456012653136e-09,11.0,Oz
18.0,S2-B1,3.0,P41,pre,S2,alpha,3.9267450507435535e-09,11.0,Oz
18.0,S2-B1,3.0,P41,slice,S2,alpha,4.255216664338809e-09,11.0,Oz
18.0,S2-B1,4.0,P41,post,S2,alpha,4.6743481267256476e-09,11.0,O2
18.0,S2-B1,4.0,P41,pre,S2,alpha,4.874123885490623e-09,11.0,O2
18.0,S2-B1,4.0,P41,slice,S2,alpha,5.290169223126537e-09,11.0,O2
18.0,S2-B1,5.0,P41,post,S2,alpha,6.106143851044648e-09,11.0,P4
18.0,S2-B1,5.0,P41,pre,S2,alpha,6.221433955878886e-09,11.0,P4
18.0,S2-B1,5.0,P41,slice,S2,alpha,6.795406695560582e-09,11.0,P4
19.0,S2-B1,0.0,P41,post,S2,alpha,4.811847018011981e-09,11.0,Pz
19.0,S2-B1,0.0,P41,pre,S2,alpha,4.707941722296874e-09,11.0,Pz
19.0,S2-B1,0.0,P41,slice,S2,alpha,5.206150686491899e-09,11.0,Pz
19.0,S2-B1,1.0,P41,post,S2,alpha,3.8804877315937216e-09,11.0,P3
19.0,S2-B1,1.0,P41,pre,S2,alpha,3.811245949258827e-09,11.0,P3
19.0,S2-B1,1.0,P41,slice,S2,alpha,4.188700589341846e-09,11.0,P3
19.0,S2-B1,2.0,P41,post,S2,alpha,3.742409707900424e-09,11.0,O1
19.0,S2-B1,2.0,P41,pre,S2,alpha,3.494126438590313e-09,11.0,O1
19.0,S2-B1,2.0,P41,slice,S2,alpha,3.6708592959964397e-09,11.0,O1
19.0,S2-B1,3.0,P41,post,S2,alpha,4.433556052750833e-09,11.0,Oz
19.0,S2-B1,3.0,P41,pre,S2,alpha,4.032214179873166e-09,11.0,Oz
19.0,S2-B1,3.0,P41,slice,S2,alpha,4.188989229927556e-09,11.0,Oz
19.0,S2-B1,4.0,P41,post,S2,alpha,5.538230437028884e-09,11.0,O2
19.0,S2-B1,4.0,P41,pre,S2,alpha,5.004160158637289e-09,11.0,O2
19.0,S2-B1,4.0,P41,slice,S2,alpha,5.207085124891237e-09,11.0,O2
19.0,S2-B1,5.0,P41,post,S2,alpha,6.99093482367897e-09,11.0,P4
19.0,S2-B1,5.0,P41,pre,S2,alpha,6.379596358569704e-09,11.0,P4
19.0,S2-B1,5.0,P41,slice,S2,alpha,6.687432936304726e-09,11.0,P4
20.0,S2-B1,0.0,P41,post,S2,alpha,5.170835928771041e-09,11.0,Pz
20.0,S2-B1,0.0,P41,pre,S2,alpha,5.225390705736553e-09,11.0,Pz
20.0,S2-B1,0.0,P41,slice,S2,alpha,5.215516377052431e-09,11.0,Pz
20.0,S2-B1,1.0,P41,post,S2,alpha,4.317379191522055e-09,11.0,P3
20.0,S2-B1,1.0,P41,pre,S2,alpha,4.442719254567263e-09,11.0,P3
20.0,S2-B1,1.0,P41,slice,S2,alpha,4.195785876179444e-09,11.0,P3
20.0,S2-B1,2.0,P41,post,S2,alpha,4.061911791626615e-09,11.0,O1
20.0,S2-B1,2.0,P41,pre,S2,alpha,4.23185596592099e-09,11.0,O1
20.0,S2-B1,2.0,P41,slice,S2,alpha,3.67714836406345e-09,11.0,O1
20.0,S2-B1,3.0,P41,post,S2,alpha,4.5960529566448814e-09,11.0,Oz
20.0,S2-B1,3.0,P41,pre,S2,alpha,4.741412932803372e-09,11.0,Oz
20.0,S2-B1,3.0,P41,slice,S2,alpha,4.1965169671878505e-09,11.0,Oz
20.0,S2-B1,4.0,P41,post,S2,alpha,5.523164915902453e-09,11.0,O2
20.0,S2-B1,4.0,P41,pre,S2,alpha,5.626004046436694e-09,11.0,O2
20.0,S2-B1,4.0,P41,slice,S2,alpha,5.216712121934978e-09,11.0,O2
20.0,S2-B1,5.0,P41,post,S2,alpha,6.808915624380323e-09,11.0,P4
20.0,S2-B1,5.0,P41,pre,S2,alpha,6.874515482306519e-09,11.0,P4
20.0,S2-B1,5.0,P41,slice,S2,alpha,6.701000909080223e-09,11.0,P4
21.0,S2-B1,0.0,P41,post,S2,alpha,4.846572412517511e-09,11.0,Pz
21.0,S2-B1,0.0,P41,pre,S2,alpha,5.199933758228123e-09,11.0,Pz
21.0,S2-B1,0.0,P41,slice,S2,alpha,5.210722708459859e-09,11.0,Pz
21.0,S2-B1,1.0,P41,post,S2,alpha,3.876331905669473e-09,11.0,P3
21.0,S2-B1,1.0,P41,pre,S2,alpha,4.288470250807441e-09,11.0,P3
21.0,S2-B1,1.0,P41,slice,S2,alpha,4.191302091991726e-09,11.0,P3
21.0,S2-B1,2.0,P41,post,S2,alpha,3.3783163446403474e-09,11.0,O1
21.0,S2-B1,2.0,P41,pre,S2,alpha,3.7028332214972742e-09,11.0,O1
21.0,S2-B1,2.0,P41,slice,S2,alpha,3.671887378034575e-09,11.0,O1
21.0,S2-B1,3.0,P41,post,S2,alpha,3.861382110581238e-09,11.0,Oz
21.0,S2-B1,3.0,P41,pre,S2,alpha,4.058445589398276e-09,11.0,Oz
21.0,S2-B1,3.0,P41,slice,S2,alpha,4.190689073825315e-09,11.0,Oz
21.0,S2-B1,4.0,P41,post,S2,alpha,4.815829991827439e-09,11.0,O2
21.0,S2-B1,4.0,P41,pre,S2,alpha,4.868698739299487e-09,11.0,O2
21.0,S2-B1,4.0,P41,slice,S2,alpha,5.210295838487226e-09,11.0,O2
21.0,S2-B1,5.0,P41,post,S2,alpha,6.222569315492183e-09,11.0,P4
21.0,S2-B1,5.0,P41,pre,S2,alpha,6.161266071562413e-09,11.0,P4
21.0,S2-B1,5.0,P41,slice,S2,alpha,6.6937109311211245e-09,11.0,P4
22.0,S2-B1,0.0,P41,post,S2,alpha,4.767561071070978e-09,11.0,Pz
22.0,S2-B1,0.0,P41,pre,S2,alpha,4.739547020835381e-09,11.0,Pz
22.0,S2-B1,0.0,P41,slice,S2,alpha,5.236102990057072e-09,11.0,Pz
22.0,S2-B1,1.0,P41,post,S2,alpha,3.957443019165472e-09,11.0,P3
22.0,S2-B1,1.0,P41,pre,S2,alpha,3.789073120853022e-09,11.0,P3
22.0,S2-B1,1.0,P41,slice,S2,alpha,4.211506191590806e-09,11.0,P3
22.0,S2-B1,2.0,P41,post,S2,alpha,3.681567491207043e-09,11.0,O1
22.0,S2-B1,2.0,P41,pre,S2,alpha,3.3070095715751873e-09,11.0,O1
22.0,S2-B1,2.0,P41,slice,S2,alpha,3.6894086886887162e-09,11.0,O1
22.0,S2-B1,3.0,P41,post,S2,alpha,4.176480973786215e-09,11.0,Oz
22.0,S2-B1,3.0,P41,pre,S2,alpha,3.789605673605595e-09,11.0,Oz
22.0,S2-B1,3.0,P41,slice,S2,alpha,4.211554504980187e-09,11.0,Oz
22.0,S2-B1,4.0,P41,post,S2,alpha,5.073404968959016e-09,11.0,O2
22.0,S2-B1,4.0,P41,pre,S2,alpha,4.749599642566889e-09,11.0,O2
22.0,S2-B1,4.0,P41,slice,S2,alpha,5.2366606784737506e-09,11.0,O2
22.0,S2-B1,5.0,P41,post,S2,alpha,6.365916364814239e-09,11.0,P4
22.0,S2-B1,5.0,P41,pre,S2,alpha,6.166121128209333e-09,11.0,P4
22.0,S2-B1,5.0,P41,slice,S2,alpha,6.727043162579694e-09,11.0,P4
23.0,S2-B1,0.0,P41,post,S2,alpha,5.667795570128284e-09,11.0,Pz
23.0,S2-B1,0.0,P41,pre,S2,alpha,5.574903545535426e-09,11.0,Pz
23.0,S2-B1,0.0,P41,slice,S2,alpha,5.222582296898358e-09,11.0,Pz
23.0,S2-B1,1.0,P41,post,S2,alpha,4.772428558390983e-09,11.0,P3
23.0,S2-B1,1.0,P41,pre,S2,alpha,4.6390184996689875e-09,11.0,P3
23.0,S2-B1,1.0,P41,slice,S2,alpha,4.199335962669264e-09,11.0,P3
23.0,S2-B1,2.0,P41,post,S2,alpha,4.14652053981071e-09,11.0,O1
23.0,S2-B1,2.0,P41,pre,S2,alpha,3.987528659758408e-09,11.0,O1
23.0,S2-B1,2.0,P41,slice,S2,alpha,3.678903111533295e-09,11.0,O1
23.0,S2-B1,3.0,P41,post,S2,alpha,4.467807781717147e-09,11.0,Oz
23.0,S2-B1,3.0,P41,pre,S2,alpha,4.359589363591e-09,11.0,Oz
23.0,S2-B1,3.0,P41,slice,S2,alpha,4.19957683504901e-09,11.0,Oz
23.0,S2-B1,4.0,P41,post,S2,alpha,5.263671687996826e-09,11.0,O2
23.0,S2-B1,4.0,P41,pre,S2,alpha,5.23327301075053e-09,11.0,O2
23.0,S2-B1,4.0,P41,slice,S2,alpha,5.221515309866708e-09,11.0,O2
23.0,S2-B1,5.0,P41,post,S2,alpha,6.552854487315255e-09,11.0,P4
23.0,S2-B1,5.0,P41,pre,S2,alpha,6.586413595396174e-09,11.0,P4
23.0,S2-B1,5.0,P41,slice,S2,alpha,6.7086307071293295e-09,11.0,P4
24.0,S2-B1,0.0,P41,post,S2,alpha,5.140177222112515e-09,11.0,Pz
24.0,S2-B1,0.0,P41,pre,S2,alpha,5.623258601421722e-09,11.0,Pz
24.0,S2-B1,0.0,P41,slice,S2,alpha,5.234622830305066e-09,11.0,Pz
24.0,S2-B1,1.0,P41,post,S2,alpha,4.146127460487777e-09,11.0,P3
24.0,S2-B1,1.0,P41,pre,S2,alpha,4.500275435918323e-09,11.0,P3
24.0,S2-B1,1.0,P41,slice,S2,alpha,4.210251918701846e-09,11.0,P3
24.0,S2-B1,2.0,P41,post,S2,alpha,3.495481425441651e-09,11.0,O1
24.0,S2-B1,2.0,P41,pre,S2,alpha,3.5722981291918233e-09,11.0,O1
24.0,S2-B1,2.0,P41,slice,S2,alpha,3.689424638148771e-09,11.0,O1
24.0,S2-B1,3.0,P41,post,S2,alpha,3.899454586452068e-09,11.0,Oz
24.0,S2-B1,3.0,P41,pre,S2,alpha,3.919709524729432e-09,11.0,Oz
24.0,S2-B1,3.0,P41,slice,S2,alpha,4.210925652697604e-09,11.0,Oz
24.0,S2-B1,4.0,P41,post,S2,alpha,4.815357240074358e-09,11.0,O2
24.0,S2-B1,4.0,P41,pre,S2,alpha,4.863201368156041e-09,11.0,O2
24.0,S2-B1,4.0,P41,slice,S2,alpha,5.234820217118702e-09,11.0,O2
24.0,S2-B1,5.0,P41,post,S2,alpha,6.234875078918292e-09,11.0,P4
24.0,S2-B1,5.0,P41,pre,S2,alpha,6.381278497793971e-09,11.0,P4
24.0,S2-B1,5.0,P41,slice,S2,alpha,6.724397727771416e-09,11.0,P4
25.0,S2-B1,0.0,P41,post,S2,alpha,4.780064745646416e-09,11.0,Pz
25.0,S2-B1,0.0,P41,pre,S2,alpha,4.696588176370484e-09,11.0,Pz
25.0,S2-B1,0.0,P41,slice,S2,alpha,5.227314332888312e-09,11.0,Pz
25.0,S2-B1,1.0,P41,post,S2,alpha,3.83834244512886e-09,11.0,P3
25.0,S2-B1,1.0,P41,pre,S2,alpha,3.6969293757430553e-09,11.0,P3
25.0,S2-B1,1.0,P41,slice,S2,alpha,4.204915835229731e-09,11.0,P3
25.0,S2-B1,2.0,P41,post,S2,alpha,3.2754571064050986e-09,11.0,O1
25.0,S2-B1,2.0,P41,pre,S2,alpha,3.1894064066582854e-09,11.0,O1
25.0,S2-B1,2.0,P41,slice,S2,alpha,3.6841998363713136e-09,11.0,O1
25.0,S2-B1,3.0,P41,post,S2,alpha,3.7011532182995363e-09,11.0,Oz
25.0,S2-B1,3.0,P41,pre,S2,alpha,3.7040032129490263e-09,11.0,Oz
25.0,S2-B1,3.0,P41,slice,S2,alpha,4.205798572803189e-09,11.0,Oz
25.0,S2-B1,4.0,P41,post,S2,alpha,4.6019749853667845e-09,11.0,O2
25.0,S2-B1,4.0,P41,pre,S2,alpha,4.710286840826407e-09,11.0,O2
25.0,S2-B1,4.0,P41,slice,S2,alpha,5.229558384932917e-09,11.0,O2
25.0,S2-B1,5.0,P41,post,S2,alpha,5.958610065223208e-09,11.0,P4
25.0,S2-B1,5.0,P41,pre,S2,alpha,6.170217760246318e-09,11.0,P4
25.0,S2-B1,5.0,P41,slice,S2,alpha,6.71744532407217e-09,11.0,P4
26.0,S2-B1,0.0,P41,post,S2,alpha,5.550667260841372e-09,11.0,Pz
26.0,S2-B1,0.0,P41,pre,S2,alpha,5.218388327022756e-09,11.0,Pz
26.0,S2-B1,0.0,P41,slice,S2,alpha,5.194041152488714e-09,11.0,Pz
26.0,S2-B1,1.0,P41,post,S2,alpha,4.407226185133203e-09,11.0,P3
26.0,S2-B1,1.0,P41,pre,S2,alpha,4.155912297015622e-09,11.0,P3
26.0,S2-B1,1.0,P41,slice,S2,alpha,4.1775809325893675e-09,11.0,P3
26.0,S2-B1,2.0,P41,post,S2,alpha,3.6244353314053154e-09,11.0,O1
26.0,S2-B1,2.0,P41,pre,S2,alpha,3.6086968576781576e-09,11.0,O1
26.0,S2-B1,2.0,P41,slice,S2,alpha,3.659819626957735e-09,11.0,O1
26.0,S2-B1,3.0,P41,post,S2,alpha,4.092890105437666e-09,11.0,Oz
26.0,S2-B1,3.0,P41,pre,S2,alpha,4.1552263241741185e-09,11.0,Oz
26.0,S2-B1,3.0,P41,slice,S2,alpha,4.178193218514121e-09,11.0,Oz
26.0,S2-B1,4.0,P41,post,S2,alpha,5.14133087559033e-09,11.0,O2
26.0,S2-B1,4.0,P41,pre,S2,alpha,5.210225848880946e-09,11.0,O2
26.0,S2-B1,4.0,P41,slice,S2,alpha,5.19498137750708e-09,11.0,O2
26.0,S2-B1,5.0,P41,post,S2,alpha,6.707865548543915e-09,11.0,P4
26.0,S2-B1,5.0,P41,pre,S2,alpha,6.704978261337302e-09,11.0,P4
26.0,S2-B1,5.0,P41,slice,S2,alpha,6.674178426967399e-09,11.0,P4
27.0,S2-B1,0.0,P41,post,S2,alpha,5.283923321651013e-09,11.0,Pz
27.0,S2-B1,0.0,P41,pre,S2,alpha,5.1988908041601286e-09,11.0,Pz
27.0,S2-B1,0.0,P41,slice,S2,alpha,5.176898736570252e-09,11.0,Pz
27.0,S2-B1,1.0,P41,post,S2,alpha,4.2076294572742475e-09,11.0,P3
27.0,S2-B1,1.0,P41,pre,S2,alpha,4.084207818453244e-09,11.0,P3
27.0,S2-B1,1.0,P41,slice,S2,alpha,4.16451650200115e-09,11.0,P3
27.0,S2-B1,2.0,P41,post,S2,alpha,3.5640015251678475e-09,11.0,O1
27.0,S2-B1,2.0,P41,pre,S2,alpha,3.5519150747300392e-09,11.0,O1
27.0,S2-B1,2.0,P41,slice,S2,alpha,3.649904184696476e-09,11.0,O1
27.0,S2-B1,3.0,P41,post,S2,alpha,4.068526442444802e-09,11.0,Oz
27.0,S2-B1,3.0,P41,pre,S2,alpha,4.173105858881654e-09,11.0,Oz
27.0,S2-B1,3.0,P41,slice,S2,alpha,4.165288652944181e-09,11.0,Oz
27.0,S2-B1,4.0,P41,post,S2,alpha,5.1152387993259585e-09,11.0,O2
27.0,S2-B1,4.0,P41,pre,S2,alpha,5.318506004456672e-09,11.0,O2
27.0,S2-B1,4.0,P41,slice,S2,alpha,5.17722775673333e-09,11.0,O2
27.0,S2-B1,5.0,P41,post,S2,alpha,6.639430322265148e-09,11.0,P4
27.0,S2-B1,5.0,P41,pre,S2,alpha,6.886932289200137e-09,11.0,P4
27.0,S2-B1,5.0,P41,slice,S2,alpha,6.650712343751368e-09,11.0,P4
28.0,S2-B1,0.0,P41,post,S2,alpha,4.673746743408751e-09,11.0,Pz
28.0,S2-B1,0.0,P41,pre,S2,alpha,4.579481048072989e-09,11.0,Pz
28.0,S2-B1,0.0,P41,slice,S2,alpha,5.170367998552072e-09,11.0,Pz
28.0,S2-B1,1.0,P41,post,S2,alpha,3.678307798430798e-09,11.0,P3
28.0,S2-B1,1.0,P41,pre,S2,alpha,3.6476887700919225e-09,11.0,P3
28.0,S2-B1,1.0,P41,slice,S2,alpha,4.1587023380086584e-09,11.0,P3
28.0,S2-B1,2.0,P41,post,S2,alpha,3.1375364687281776e-09,11.0,O1
28.0,S2-B1,2.0,P41,pre,S2,alpha,3.2590270930912994e-09,11.0,O1
28.0,S2-B1,2.0,P41,slice,S2,alpha,3.6431234103053254e-09,11.0,O1
28.0,S2-B1,3.0,P41,post,S2,alpha,3.6214455367436026e-09,11.0,Oz
28.0,S2-B1,3.0,P41,pre,S2,alpha,3.79350357175935e-09,11.0,Oz
28.0,S2-B1,3.0,P41,slice,S2,alpha,4.158078813254553e-09,11.0,Oz
28.0,S2-B1,4.0,P41,post,S2,alpha,4.590017740426682e-09,11.0,O2
28.0,S2-B1,4.0,P41,pre,S2,alpha,4.768634156336764e-09,11.0,O2
28.0,S2-B1,4.0,P41,slice,S2,alpha,5.1701595140739484e-09,11.0,O2
28.0,S2-B1,5.0,P41,post,S2,alpha,6.006978913333981e-09,11.0,P4
28.0,S2-B1,5.0,P41,pre,S2,alpha,6.142239311318533e-09,11.0,P4
28.0,S2-B1,5.0,P41,slice,S2,alpha,6.641948191416358e-09,11.0,P4
29.0,S2-B1,0.0,P41,post,S2,alpha,4.863502957731467e-09,11.0,Pz
29.0,S2-B1,0.0,P41,pre,S2,alpha,4.8967250707903046e-09,11.0,Pz
29.0,S2-B1,0.0,P41,slice,S2,alpha,5.217857836402925e-09,11.0,Pz
29.0,S2-B1,1.0,P41,post,S2,alpha,3.849480337904762e-09,11.0,P3
29.0,S2-B1,1.0,P41,pre,S2,alpha,3.944750153284267e-09,11.0,P3
29.0,S2-B1,1.0,P41,slice,S2,alpha,4.197411134299589e-09,11.0,P3
29.0,S2-B1,2.0,P41,post,S2,alpha,3.5985858718113862e-09,11.0,O1
29.0,S2-B1,2.0,P41,pre,S2,alpha,3.628220349966088e-09,11.0,O1
29.0,S2-B1,2.0,P41,slice,S2,alpha,3.677858783466489e-09,11.0,O1
29.0,S2-B1,3.0,P41,post,S2,alpha,4.294891343398348e-09,11.0,Oz
29.0,S2-B1,3.0,P41,pre,S2,alpha,4.212640589380085e-09,11.0,Oz
29.0,S2-B1,3.0,P41,slice,S2,alpha,4.197796365652766e-09,11.0,Oz
29.0,S2-B1,4.0,P41,post,S2,alpha,5.4448053259720635e-09,11.0,O2
29.0,S2-B1,4.0,P41,pre,S2,alpha,5.244354980181171e-09,11.0,O2
29.0,S2-B1,4.0,P41,slice,S2,alpha,5.2177396250942234e-09,11.0,O2
29.0,S2-B1,5.0,P41,post,S2,alpha,6.96176933511502e-09,11.0,P4
29.0,S2-B1,5.0,P41,pre,S2,alpha,6.682616940319373e-09,11.0,P4
29.0,S2-B1,5.0,P41,slice,S2,alpha,6.701347201215543e-09,11.0,P4
30.0,S2-B1,0.0,P41,post,S2,alpha,5.109552945212412e-09,11.0,Pz
30.0,S2-B1,0.0,P41,pre,S2,alpha,5.156778473745056e-09,11.0,Pz
30.0,S2-B1,0.0,P41,slice,S2,alpha,5.22337973281554e-09,11.0,Pz
30.0,S2-B1,1.0,P41,post,S2,alpha,4.190164720022437e-09,11.0,P3
30.0,S2-B1,1.0,P41,pre,S2,alpha,4.318463620268363e-09,11.0,P3
30.0,S2-B1,1.0,P41,slice,S2,alpha,4.201023106031294e-09,11.0,P3
30.0,S2-B1,2.0,P41,post,S2,alpha,3.899933339966412e-09,11.0,O1
30.0,S2-B1,2.0,P41,pre,S2,alpha,4.172636737946906e-09,11.0,O1
30.0,S2-B1,2.0,P41,slice,S2,alpha,3.6801172338424568e-09,11.0,O1
30.0,S2-B1,3.0,P41,post,S2,alpha,4.481640385815375e-09,11.0,Oz
30.0,S2-B1,3.0,P41,pre,S2,alpha,4.7748444169383575e-09,11.0,Oz
30.0,S2-B1,3.0,P41,slice,S2,alpha,4.201094457320328e-09,11.0,Oz
30.0,S2-B1,4.0,P41,post,S2,alpha,5.4846861446816266e-09,11.0,O2
30.0,S2-B1,4.0,P41,pre,S2,alpha,5.758734543467145e-09,11.0,O2
30.0,S2-B1,4.0,P41,slice,S2,alpha,5.222697311529501e-09,11.0,O2
30.0,S2-B1,5.0,P41,post,S2,alpha,6.848240810500889e-09,11.0,P4
30.0,S2-B1,5.0,P41,pre,S2,alpha,7.0821724946970565e-09,11.0,P4
30.0,S2-B1,5.0,P41,slice,S2,alpha,6.708990220818958e-09,11.0,P4
31.0,S2-B1,0.0,P41,post,S2,alpha,4.821871736933227e-09,11.0,Pz
31.0,S2-B1,0.0,P41,pre,S2,alpha,4.865555429088361e-09,11.0,Pz
31.0,S2-B1,0.0,P41,slice,S2,alpha,5.192588337553388e-09,11.0,Pz
31.0,S2-B1,1.0,P41,post,S2,alpha,3.831502800162482e-09,11.0,P3
31.0,S2-B1,1.0,P41,pre,S2,alpha,4.0000906739135245e-09,11.0,P3
31.0,S2-B1,1.0,P41,slice,S2,alpha,4.176053382430691e-09,11.0,P3
31.0,S2-B1,2.0,P41,post,S2,alpha,3.339911620254714e-09,11.0,O1
31.0,S2-B1,2.0,P41,pre,S2,alpha,3.5459969833570953e-09,11.0,O1
31.0,S2-B1,2.0,P41,slice,S2,alpha,3.658580702540663e-09,11.0,O1
31.0,S2-B1,3.0,P41,post,S2,alpha,3.847173391183851e-09,11.0,Oz
31.0,S2-B1,3.0,P41,pre,S2,alpha,3.954353107130766e-09,11.0,Oz
31.0,S2-B1,3.0,P41,slice,S2,alpha,4.175617189959471e-09,11.0,Oz
31.0,S2-B1,4.0,P41,post,S2,alpha,4.832855470736241e-09,11.0,O2
31.0,S2-B1,4.0,P41,pre,S2,alpha,4.779243309575798e-09,11.0,O2
31.0,S2-B1,4.0,P41,slice,S2,alpha,5.191915357974432e-09,11.0,O2
31.0,S2-B1,5.0,P41,post,S2,alpha,6.268774369026612e-09,11.0,P4
31.0,S2-B1,5.0,P41,pre,S2,alpha,6.0322707761149705e-09,11.0,P4
31.0,S2-B1,5.0,P41,slice,S2,alpha,6.669573119922561e-09,11.0,P4
32.0,S2-B1,0.0,P41,post,S2,alpha,5.177143796546331e-09,11.0,Pz
32.0,S2-B1,0.0,P41,pre,S2,alpha,4.750355011216882e-09,11.0,Pz
32.0,S2-B1,0.0,P41,slice,S2,alpha,5.3197179387736405e-09,11.0,Pz
32.0,S2-B1,1.0,P41,post,S2,alpha,4.26129179971423e-09,11.0,P3
32.0,S2-B1,1.0,P41,pre,S2,alpha,3.8257765252265e-09,11.0,P3
32.0,S2-B1,1.0,P41,slice,S2,alpha,4.279424802450738e-09,11.0,P3
32.0,S2-B1,2.0,P41,post,S2,alpha,3.992631952778223e-09,11.0,O1
32.0,S2-B1,2.0,P41,pre,S2,alpha,3.3950119363252102e-09,11.0,O1
32.0,S2-B1,2.0,P41,slice,S2,alpha,3.748861195132497e-09,11.0,O1
32.0,S2-B1,3.0,P41,post,S2,alpha,4.580887201701805e-09,11.0,Oz
32.0,S2-B1,3.0,P41,pre,S2,alpha,3.885558534384096e-09,11.0,Oz
32.0,S2-B1,3.0,P41,slice,S2,alpha,4.27858966092816e-09,11.0,Oz
32.0,S2-B1,4.0,P41,post,S2,alpha,5.607920012157202e-09,11.0,O2
32.0,S2-B1,4.0,P41,pre,S2,alpha,4.837180870810284e-09,11.0,O2
32.0,S2-B1,4.0,P41,slice,S2,alpha,5.319626918038033e-09,11.0,O2
32.0,S2-B1,5.0,P41,post,S2,alpha,7.050277558858789e-09,11.0,P4
32.0,S2-B1,5.0,P41,pre,S2,alpha,6.232136344907637e-09,11.0,P4
32.0,S2-B1,5.0,P41,slice,S2,alpha,6.832604556344376e-09,11.0,P4
33.0,S2-B1,0.0,P41,post,S2,alpha,5.53290623733851e-09,11.0,Pz
33.0,S2-B1,0.0,P41,pre,S2,alpha,5.046178974765411e-09,11.0,Pz
33.0,S2-B1,0.0,P41,slice,S2,alpha,5.200929919269827e-09,11.0,Pz
33.0,S2-B1,1.0,P41,post,S2,alpha,4.693334524329336e-09,11.0,P3
33.0,S2-B1,1.0,P41,pre,S2,alpha,4.244419165462693e-09,11.0,P3
33.0,S2-B1,1.0,P41,slice,S2,alpha,4.182936978742015e-09,11.0,P3
33.0,S2-B1,2.0,P41,post,S2,alpha,4.2389873831088644e-09,11.0,O1
33.0,S2-B1,2.0,P41,pre,S2,alpha,3.765253942411117e-09,11.0,O1
33.0,S2-B1,2.0,P41,slice,S2,alpha,3.6637970899099773e-09,11.0,O1
33.0,S2-B1,3.0,P41,post,S2,alpha,4.617991005179312e-09,11.0,Oz
33.0,S2-B1,3.0,P41,pre,S2,alpha,4.124888604395725e-09,11.0,Oz
33.0,S2-B1,3.0,P41,slice,S2,alpha,4.18189285919895e-09,11.0,Oz
33.0,S2-B1,4.0,P41,post,S2,alpha,5.420787431054143e-09,11.0,O2
33.0,S2-B1,4.0,P41,pre,S2,alpha,4.9107215568852776e-09,11.0,O2
33.0,S2-B1,4.0,P41,slice,S2,alpha,5.198700785545495e-09,11.0,O2
33.0,S2-B1,5.0,P41,post,S2,alpha,6.666028759655914e-09,11.0,P4
33.0,S2-B1,5.0,P41,pre,S2,alpha,6.115837550565991e-09,11.0,P4
33.0,S2-B1,5.0,P41,slice,S2,alpha,6.6782969185611445e-09,11.0,P4
34.0,S2-B1,0.0,P41,post,S2,alpha,5.12326712504505e-09,11.0,Pz
34.0,S2-B1,0.0,P41,pre,S2,alpha,5.4493514273431475e-09,11.0,Pz
34.0,S2-B1,0.0,P41,slice,S2,alpha,5.221752135784676e-09,11.0,Pz
34.0,S2-B1,1.0,P41,post,S2,alpha,4.136548556088277e-09,11.0,P3
34.0,S2-B1,1.0,P41,pre,S2,alpha,4.4276679360010865e-09,11.0,P3
34.0,S2-B1,1.0,P41,slice,S2,alpha,4.199477940882397e-09,11.0,P3
34.0,S2-B1,2.0,P41,post,S2,alpha,3.5381543702789795e-09,11.0,O1
34.0,S2-B1,2.0,P41,pre,S2,alpha,3.5772346010046e-09,11.0,O1
34.0,S2-B1,2.0,P41,slice,S2,alpha,3.6802204323514623e-09,11.0,O1
34.0,S2-B1,3.0,P41,post,S2,alpha,3.966047634224087e-09,11.0,Oz
34.0,S2-B1,3.0,P41,pre,S2,alpha,3.872501977289067e-09,11.0,Oz
34.0,S2-B1,3.0,P41,slice,S2,alpha,4.2007479828824665e-09,11.0,Oz
34.0,S2-B1,4.0,P41,post,S2,alpha,4.893437310466125e-09,11.0,O2
34.0,S2-B1,4.0,P41,pre,S2,alpha,4.714516514527234e-09,11.0,O2
34.0,S2-B1,4.0,P41,slice,S2,alpha,5.2214815062778655e-09,11.0,O2
34.0,S2-B1,5.0,P41,post,S2,alpha,6.312885079574008e-09,11.0,P4
34.0,S2-B1,5.0,P41,pre,S2,alpha,6.109893883327188e-09,11.0,P4
34.0,S2-B1,5.0,P41,slice,S2,alpha,6.707638315578098e-09,11.0,P4
35.0,S2-B1,0.0,P41,post,S2,alpha,4.907294290218127e-09,11.0,Pz
35.0,S2-B1,0.0,P41,pre,S2,alpha,4.685554864668583e-09,11.0,Pz
35.0,S2-B1,0.0,P41,slice,S2,alpha,5.24953999744488e-09,11.0,Pz
35.0,S2-B1,1.0,P41,post,S2,alpha,3.996267593478818e-09,11.0,P3
35.0,S2-B1,1.0,P41,pre,S2,alpha,3.701035553428895e-09,11.0,P3
35.0,S2-B1,1.0,P41,slice,S2,alpha,4.223487322027522e-09,11.0,P3
35.0,S2-B1,2.0,P41,post,S2,alpha,3.483171029374484e-09,11.0,O1
35.0,S2-B1,2.0,P41,pre,S2,alpha,3.1868851734708512e-09,11.0,O1
35.0,S2-B1,2.0,P41,slice,S2,alpha,3.70152656834528e-09,11.0,O1
35.0,S2-B1,3.0,P41,post,S2,alpha,3.916166353722728e-09,11.0,Oz
35.0,S2-B1,3.0,P41,pre,S2,alpha,3.681682184244059e-09,11.0,Oz
35.0,S2-B1,3.0,P41,slice,S2,alpha,4.223484535708018e-09,11.0,Oz
35.0,S2-B1,4.0,P41,post,S2,alpha,4.815875285539883e-09,11.0,O2
35.0,S2-B1,4.0,P41,pre,S2,alpha,4.668690416004607e-09,11.0,O2
35.0,S2-B1,4.0,P41,slice,S2,alpha,5.249695074110528e-09,11.0,O2
35.0,S2-B1,5.0,P41,post,S2,alpha,6.168946440870319e-09,11.0,P4
35.0,S2-B1,5.0,P41,pre,S2,alpha,6.11044915551314e-09,11.0,P4
35.0,S2-B1,5.0,P41,slice,S2,alpha,6.743077550543177e-09,11.0,P4
36.0,S2-B1,0.0,P41,post,S2,alpha,5.813868415087803e-09,11.0,Pz
36.0,S2-B1,0.0,P41,pre,S2,alpha,5.3419372773787334e-09,11.0,Pz
36.0,S2-B1,0.0,P41,slice,S2,alpha,5.246558829795379e-09,11.0,Pz
36.0,S2-B1,1.0,P41,post,S2,alpha,4.708063293618159e-09,11.0,P3
36.0,S2-B1,1.0,P41,pre,S2,alpha,4.290330999741231e-09,11.0,P3
36.0,S2-B1,1.0,P41,slice,S2,alpha,4.220512758965705e-09,11.0,P3
36.0,S2-B1,2.0,P41,post,S2,alpha,3.860157239935021e-09,11.0,O1
36.0,S2-B1,2.0,P41,pre,S2,alpha,3.6459963053265056e-09,11.0,O1
36.0,S2-B1,2.0,P41,slice,S2,alpha,3.6979938643270205e-09,11.0,O1
36.0,S2-B1,3.0,P41,post,S2,alpha,4.241891618910092e-09,11.0,Oz
36.0,S2-B1,3.0,P41,pre,S2,alpha,4.12668357016969e-09,11.0,Oz
36.0,S2-B1,3.0,P41,slice,S2,alpha,4.220693469020875e-09,11.0,Oz
36.0,S2-B1,4.0,P41,post,S2,alpha,5.204186362411591e-09,11.0,O2
36.0,S2-B1,4.0,P41,pre,S2,alpha,5.130797060279801e-09,11.0,O2
36.0,S2-B1,4.0,P41,slice,S2,alpha,5.24711891895973e-09,11.0,O2
36.0,S2-B1,5.0,P41,post,S2,alpha,6.719752987858523e-09,11.0,P4
36.0,S2-B1,5.0,P41,pre,S2,alpha,6.59542904840508e-09,11.0,P4
36.0,S2-B1,5.0,P41,slice,S2,alpha,6.7396152160562474e-09,11.0,P4
37.0,S2-B1,0.0,P41,post,S2,alpha,5.221851405532498e-09,11.0,Pz
37.0,S2-B1,0.0,P41,pre,S2,alpha,5.42732441799808e-09,11.0,Pz
37.0,S2-B1,0.0,P41,slice,S2,alpha,5.210145151763665e-09,11.0,Pz
37.0,S2-B1,1.0,P41,post,S2,alpha,4.175033859024936e-09,11.0,P3
37.0,S2-B1,1.0,P41,pre,S2,alpha,4.2512825651688275e-09,11.0,P3
37.0,S2-B1,1.0,P41,slice,S2,alpha,4.189950882507156e-09,11.0,P3
37.0,S2-B1,2.0,P41,post,S2,alpha,3.4841294480761056e-09,11.0,O1
37.0,S2-B1,2.0,P41,pre,S2,alpha,3.50946551526855e-09,11.0,O1
37.0,S2-B1,2.0,P41,slice,S2,alpha,3.6711255861441633e-09,11.0,O1
37.0,S2-B1,3.0,P41,post,S2,alpha,3.923495883387958e-09,11.0,Oz
37.0,S2-B1,3.0,P41,pre,S2,alpha,4.046759775198748e-09,11.0,Oz
37.0,S2-B1,3.0,P41,slice,S2,alpha,4.190690550790502e-09,11.0,Oz
37.0,S2-B1,4.0,P41,post,S2,alpha,4.903812780510542e-09,11.0,O2
37.0,S2-B1,4.0,P41,pre,S2,alpha,5.1659513874301005e-09,11.0,O2
37.0,S2-B1,4.0,P41,slice,S2,alpha,5.2103138756292234e-09,11.0,O2
37.0,S2-B1,5.0,P41,post,S2,alpha,6.385029953288216e-09,11.0,P4
37.0,S2-B1,5.0,P41,pre,S2,alpha,6.7794374340133156e-09,11.0,P4
37.0,S2-B1,5.0,P41,slice,S2,alpha,6.693750443406307e-09,11.0,P4
38.0,S2-B1,0.0,P41,post,S2,alpha,4.6680618892985385e-09,11.0,Pz
38.0,S2-B1,0.0,P41,pre,S2,alpha,4.655097698331638e-09,11.0,Pz
38.0,S2-B1,0.0,P41,slice,S2,alpha,5.277214426732448e-09,11.0,Pz
38.0,S2-B1,1.0,P41,post,S2,alpha,3.6827862689567375e-09,11.0,P3
38.0,S2-B1,1.0,P41,pre,S2,alpha,3.6791752749465863e-09,11.0,P3
38.0,S2-B1,1.0,P41,slice,S2,alpha,4.244834333351939e-09,11.0,P3
38.0,S2-B1,2.0,P41,post,S2,alpha,3.11448919886866e-09,11.0,O1
38.0,S2-B1,2.0,P41,pre,S2,alpha,3.24362456725477e-09,11.0,O1
38.0,S2-B1,2.0,P41,slice,S2,alpha,3.719067834058895e-09,11.0,O1
38.0,S2-B1,3.0,P41,post,S2,alpha,3.576247073015569e-09,11.0,Oz
38.0,S2-B1,3.0,P41,pre,S2,alpha,3.791273497775614e-09,11.0,Oz
38.0,S2-B1,3.0,P41,slice,S2,alpha,4.244344285972973e-09,11.0,Oz
38.0,S2-B1,4.0,P41,post,S2,alpha,4.522813143479902e-09,11.0,O2
38.0,S2-B1,4.0,P41,pre,S2,alpha,4.806993920509664e-09,11.0,O2
38.0,S2-B1,4.0,P41,slice,S2,alpha,5.276800803492519e-09,11.0,O2
38.0,S2-B1,5.0,P41,post,S2,alpha,5.921457873425401e-09,11.0,P4
38.0,S2-B1,5.0,P41,pre,S2,alpha,6.243985859092907e-09,11.0,P4
38.0,S2-B1,5.0,P41,slice,S2,alpha,6.77856944438996e-09,11.0,P4
39.0,S2-B1,0.0,P41,post,S2,alpha,4.983127004213137e-09,11.0,Pz
39.0,S2-B1,0.0,P41,pre,S2,alpha,4.963497685840641e-09,11.0,Pz
39.0,S2-B1,0.0,P41,slice,S2,alpha,5.356679103452694e-09,11.0,Pz
39.0,S2-B1,1.0,P41,post,S2,alpha,3.901183536817664e-09,11.0,P3
39.0,S2-B1,1.0,P41,pre,S2,alpha,3.973534773020624e-09,11.0,P3
39.0,S2-B1,1.0,P41,slice,S2,alpha,4.309417916545488e-09,11.0,P3
39.0,S2-B1,2.0,P41,post,S2,alpha,3.47271593054661e-09,11.0,O1
39.0,S2-B1,2.0,P41,pre,S2,alpha,3.6225207723889873e-09,11.0,O1
39.0,S2-B1,2.0,P41,slice,S2,alpha,3.775025442658154e-09,11.0,O1
39.0,S2-B1,3.0,P41,post,S2,alpha,4.1231449782887736e-09,11.0,Oz
39.0,S2-B1,3.0,P41,pre,S2,alpha,4.219614869352969e-09,11.0,Oz
39.0,S2-B1,3.0,P41,slice,S2,alpha,4.3088304603263735e-09,11.0,Oz
39.0,S2-B1,4.0,P41,post,S2,alpha,5.267557198724807e-09,11.0,O2
39.0,S2-B1,4.0,P41,pre,S2,alpha,5.276102250323973e-09,11.0,O2
39.0,S2-B1,4.0,P41,slice,S2,alpha,5.357343858563577e-09,11.0,O2
39.0,S2-B1,5.0,P41,post,S2,alpha,6.814507242547914e-09,11.0,P4
39.0,S2-B1,5.0,P41,pre,S2,alpha,6.738129886091721e-09,11.0,P4
39.0,S2-B1,5.0,P41,slice,S2,alpha,6.8814064865284996e-09,11.0,P4
40.0,S2-B1,0.0,P41,post,S2,alpha,6.317217348461097e-09,11.0,Pz
40.0,S2-B1,0.0,P41,pre,S2,alpha,5.193206944366987e-09,11.0,Pz
40.0,S2-B1,0.0,P41,slice,S2,alpha,5.234415283849615e-09,11.0,Pz
40.0,S2-B1,1.0,P41,post,S2,alpha,5.094530534102509e-09,11.0,P3
40.0,S2-B1,1.0,P41,pre,S2,alpha,4.244435431666509e-09,11.0,P3
40.0,S2-B1,1.0,P41,slice,S2,alpha,4.210566615900426e-09,11.0,P3
40.0,S2-B1,2.0,P41,post,S2,alpha,4.593058768601563e-09,11.0,O1
40.0,S2-B1,2.0,P41,pre,S2,alpha,4.056061448146759e-09,11.0,O1
40.0,S2-B1,2.0,P41,slice,S2,alpha,3.688836886667366e-09,11.0,O1
40.0,S2-B1,3.0,P41,post,S2,alpha,5.305544126801773e-09,11.0,Oz
40.0,S2-B1,3.0,P41,pre,S2,alpha,4.732823923702676e-09,11.0,Oz
40.0,S2-B1,3.0,P41,slice,S2,alpha,4.209775314105451e-09,11.0,Oz
40.0,S2-B1,4.0,P41,post,S2,alpha,6.588015233357581e-09,11.0,O2
40.0,S2-B1,4.0,P41,pre,S2,alpha,5.832526313475398e-09,11.0,O2
40.0,S2-B1,4.0,P41,slice,S2,alpha,5.2332955285191125e-09,11.0,O2
40.0,S2-B1,5.0,P41,post,S2,alpha,8.359691605117036e-09,11.0,P4
40.0,S2-B1,5.0,P41,pre,S2,alpha,7.27878516719924e-09,11.0,P4
40.0,S2-B1,5.0,P41,slice,S2,alpha,6.722942823164781e-09,11.0,P4
41.0,S2-B1,0.0,P41,post,S2,alpha,4.798237544544123e-09,11.0,Pz
41.0,S2-B1,0.0,P41,pre,S2,alpha,4.2891423235047e-09,11.0,Pz
41.0,S2-B1,0.0,P41,slice,S2,alpha,5.2537611155919825e-09,11.0,Pz
41.0,S2-B1,1.0,P41,post,S2,alpha,3.790646727858084e-09,11.0,P3
41.0,S2-B1,1.0,P41,pre,S2,alpha,3.498823029216957e-09,11.0,P3
41.0,S2-B1,1.0,P41,slice,S2,alpha,4.225619511399637e-09,11.0,P3
41.0,S2-B1,2.0,P41,post,S2,alpha,3.286909403052281e-09,11.0,O1
41.0,S2-B1,2.0,P41,pre,S2,alpha,3.151609938435741e-09,11.0,O1
41.0,S2-B1,2.0,P41,slice,S2,alpha,3.7024203679240864e-09,11.0,O1
41.0,S2-B1,3.0,P41,post,S2,alpha,3.8030639652160005e-09,11.0,Oz
41.0,S2-B1,3.0,P41,pre,S2,alpha,3.576571964947507e-09,11.0,Oz
41.0,S2-B1,3.0,P41,slice,S2,alpha,4.226112741483963e-09,11.0,Oz
41.0,S2-B1,4.0,P41,post,S2,alpha,4.803422163438438e-09,11.0,O2
41.0,S2-B1,4.0,P41,pre,S2,alpha,4.374019368478165e-09,11.0,O2
41.0,S2-B1,4.0,P41,slice,S2,alpha,5.254789680418769e-09,11.0,O2
41.0,S2-B1,5.0,P41,post,S2,alpha,6.25477236125031e-09,11.0,P4
41.0,S2-B1,5.0,P41,pre,S2,alpha,5.5328559208343e-09,11.0,P4
41.0,S2-B1,5.0,P41,slice,S2,alpha,6.75067259054857e-09,11.0,P4
42.0,S2-B1,0.0,P41,post,S2,alpha,4.82390554252751e-09,11.0,Pz
42.0,S2-B1,0.0,P41,pre,S2,alpha,4.879872007073038e-09,11.0,Pz
42.0,S2-B1,0.0,P41,slice,S2,alpha,5.316219676512668e-09,11.0,Pz
42.0,S2-B1,1.0,P41,post,S2,alpha,3.957071004549757e-09,11.0,P3
42.0,S2-B1,1.0,P41,pre,S2,alpha,3.947478164588845e-09,11.0,P3
42.0,S2-B1,1.0,P41,slice,S2,alpha,4.276392651423373e-09,11.0,P3
42.0,S2-B1,2.0,P41,post,S2,alpha,3.846579435241137e-09,11.0,O1
42.0,S2-B1,2.0,P41,pre,S2,alpha,3.567156174284449e-09,11.0,O1
42.0,S2-B1,2.0,P41,slice,S2,alpha,3.74628476010583e-09,11.0,O1
42.0,S2-B1,3.0,P41,post,S2,alpha,4.4966399222042274e-09,11.0,Oz
42.0,S2-B1,3.0,P41,pre,S2,alpha,4.093732933292109e-09,11.0,Oz
42.0,S2-B1,3.0,P41,slice,S2,alpha,4.2755216395760265e-09,11.0,Oz
42.0,S2-B1,4.0,P41,post,S2,alpha,5.5377097356352566e-09,11.0,O2
42.0,S2-B1,4.0,P41,pre,S2,alpha,5.0779709895911396e-09,11.0,O2
42.0,S2-B1,4.0,P41,slice,S2,alpha,5.316291699912017e-09,11.0,O2
42.0,S2-B1,5.0,P41,post,S2,alpha,6.931471241787833e-09,11.0,P4
42.0,S2-B1,5.0,P41,pre,S2,alpha,6.4998755441832506e-09,11.0,P4
42.0,S2-B1,5.0,P41,slice,S2,alpha,6.829614744956745e-09,11.0,P4
43.0,S2-B1,0.0,P41,post,S2,alpha,5.2996918999471685e-09,11.0,Pz
43.0,S2-B1,0.0,P41,pre,S2,alpha,5.453114469513742e-09,11.0,Pz
43.0,S2-B1,0.0,P41,slice,S2,alpha,5.383322683630097e-09,11.0,Pz
43.0,S2-B1,1.0,P41,post,S2,alpha,4.481916931403032e-09,11.0,P3
43.0,S2-B1,1.0,P41,pre,S2,alpha,4.645955166635589e-09,11.0,P3
43.0,S2-B1,1.0,P41,slice,S2,alpha,4.33082731918889e-09,11.0,P3
43.0,S2-B1,2.0,P41,post,S2,alpha,4.173491620450723e-09,11.0,O1
43.0,S2-B1,2.0,P41,pre,S2,alpha,4.2863728477321595e-09,11.0,O1
43.0,S2-B1,2.0,P41,slice,S2,alpha,3.794687806129471e-09,11.0,O1
43.0,S2-B1,3.0,P41,post,S2,alpha,4.628696280975547e-09,11.0,Oz
43.0,S2-B1,3.0,P41,pre,S2,alpha,4.717693921687813e-09,11.0,Oz
43.0,S2-B1,3.0,P41,slice,S2,alpha,4.331833786632162e-09,11.0,Oz
43.0,S2-B1,4.0,P41,post,S2,alpha,5.472299819604288e-09,11.0,O2
43.0,S2-B1,4.0,P41,pre,S2,alpha,5.566062389230307e-09,11.0,O2
43.0,S2-B1,4.0,P41,slice,S2,alpha,5.384917302578124e-09,11.0,O2
43.0,S2-B1,5.0,P41,post,S2,alpha,6.703320072663068e-09,11.0,P4
43.0,S2-B1,5.0,P41,pre,S2,alpha,6.829169714673494e-09,11.0,P4
43.0,S2-B1,5.0,P41,slice,S2,alpha,6.916063934075035e-09,11.0,P4
44.0,S2-B1,0.0,P41,post,S2,alpha,4.988665534879579e-09,11.0,Pz
44.0,S2-B1,0.0,P41,pre,S2,alpha,5.325686582524092e-09,11.0,Pz
44.0,S2-B1,0.0,P41,slice,S2,alpha,5.285443380654171e-09,11.0,Pz
44.0,S2-B1,1.0,P41,post,S2,alpha,4.0152831584428456e-09,11.0,P3
44.0,S2-B1,1.0,P41,pre,S2,alpha,4.377270500356863e-09,11.0,P3
44.0,S2-B1,1.0,P41,slice,S2,alpha,4.251341833585866e-09,11.0,P3
44.0,S2-B1,2.0,P41,post,S2,alpha,3.481110862159201e-09,11.0,O1
44.0,S2-B1,2.0,P41,pre,S2,alpha,3.651615075780946e-09,11.0,O1
44.0,S2-B1,2.0,P41,slice,S2,alpha,3.7243611094874337e-09,11.0,O1
44.0,S2-B1,3.0,P41,post,S2,alpha,3.937228191415441e-09,11.0,Oz
44.0,S2-B1,3.0,P41,pre,S2,alpha,3.954722213706977e-09,11.0,Oz
44.0,S2-B1,3.0,P41,slice,S2,alpha,4.250962530768735e-09,11.0,Oz
44.0,S2-B1,4.0,P41,post,S2,alpha,4.877483741313194e-09,11.0,O2
44.0,S2-B1,4.0,P41,pre,S2,alpha,4.7554569699842405e-09,11.0,O2
44.0,S2-B1,4.0,P41,slice,S2,alpha,5.284909090507417e-09,11.0,O2
44.0,S2-B1,5.0,P41,post,S2,alpha,6.287395533549078e-09,11.0,P4
44.0,S2-B1,5.0,P41,pre,S2,alpha,6.0745127626030785e-09,11.0,P4
44.0,S2-B1,5.0,P41,slice,S2,alpha,6.789377350747974e-09,11.0,P4
45.0,S2-B1,0.0,P41,post,S2,alpha,5.773886865451822e-09,11.0,Pz
45.0,S2-B1,0.0,P41,pre,S2,alpha,5.34760730460333e-09,11.0,Pz
45.0,S2-B1,0.0,P41,slice,S2,alpha,5.263356420608221e-09,11.0,Pz
45.0,S2-B1,1.0,P41,post,S2,alpha,4.778256660445648e-09,11.0,P3
45.0,S2-B1,1.0,P41,pre,S2,alpha,4.361005735924964e-09,11.0,P3
45.0,S2-B1,1.0,P41,slice,S2,alpha,4.2334754842372785e-09,11.0,P3
45.0,S2-B1,2.0,P41,post,S2,alpha,4.000817415355694e-09,11.0,O1
45.0,S2-B1,2.0,P41,pre,S2,alpha,3.6935446944680083e-09,11.0,O1
45.0,S2-B1,2.0,P41,slice,S2,alpha,3.708755551575758e-09,11.0,O1
45.0,S2-B1,3.0,P41,post,S2,alpha,4.321781120835099e-09,11.0,Oz
45.0,S2-B1,3.0,P41,pre,S2,alpha,4.096455356499338e-09,11.0,Oz
45.0,S2-B1,3.0,P41,slice,S2,alpha,4.2337472211221385e-09,11.0,Oz
45.0,S2-B1,4.0,P41,post,S2,alpha,5.173486508237632e-09,11.0,O2
45.0,S2-B1,4.0,P41,pre,S2,alpha,5.009020234481923e-09,11.0,O2
45.0,S2-B1,4.0,P41,slice,S2,alpha,5.263349355521814e-09,11.0,O2
45.0,S2-B1,5.0,P41,post,S2,alpha,6.561608470224712e-09,11.0,P4
45.0,S2-B1,5.0,P41,pre,S2,alpha,6.395884910494301e-09,11.0,P4
45.0,S2-B1,5.0,P41,slice,S2,alpha,6.761217688541953e-09,11.0,P4
46.0,S2-B1,0.0,P41,post,S2,alpha,5.2853023951694e-09,11.0,Pz
46.0,S2-B1,0.0,P41,pre,S2,alpha,5.476578845063295e-09,11.0,Pz
46.0,S2-B1,0.0,P41,slice,S2,alpha,5.231118807176772e-09,11.0,Pz
46.0,S2-B1,1.0,P41,post,S2,alpha,4.246687282080611e-09,11.0,P3
46.0,S2-B1,1.0,P41,pre,S2,alpha,4.32064935189023e-09,11.0,P3
46.0,S2-B1,1.0,P41,slice,S2,alpha,4.207352504738114e-09,11.0,P3
46.0,S2-B1,2.0,P41,post,S2,alpha,3.5465543492726093e-09,11.0,O1
46.0,S2-B1,2.0,P41,pre,S2,alpha,3.4537690145673477e-09,11.0,O1
46.0,S2-B1,2.0,P41,slice,S2,alpha,3.6861925948255163e-09,11.0,O1
46.0,S2-B1,3.0,P41,post,S2,alpha,3.962386353868931e-09,11.0,Oz
46.0,S2-B1,3.0,P41,pre,S2,alpha,3.879709793260705e-09,11.0,Oz
46.0,S2-B1,3.0,P41,slice,S2,alpha,4.207403055710592e-09,11.0,Oz
46.0,S2-B1,4.0,P41,post,S2,alpha,4.918209504055154e-09,11.0,O2
46.0,S2-B1,4.0,P41,pre,S2,alpha,4.9037368654298674e-09,11.0,O2
46.0,S2-B1,4.0,P41,slice,S2,alpha,5.230351090681611e-09,11.0,O2
46.0,S2-B1,5.0,P41,post,S2,alpha,6.392999827767711e-09,11.0,P4
46.0,S2-B1,5.0,P41,pre,S2,alpha,6.471646979953653e-09,11.0,P4
46.0,S2-B1,5.0,P41,slice,S2,alpha,6.7186960475439704e-09,11.0,P4
47.0,S2-B1,0.0,P41,post,S2,alpha,4.741867714546312e-09,11.0,Pz
47.0,S2-B1,0.0,P41,pre,S2,alpha,4.627420390889858e-09,11.0,Pz
47.0,S2-B1,0.0,P41,slice,S2,alpha,5.212260807536674e-09,11.0,Pz
47.0,S2-B1,1.0,P41,post,S2,alpha,3.768278469030945e-09,11.0,P3
47.0,S2-B1,1.0,P41,pre,S2,alpha,3.6455430057402942e-09,11.0,P3
47.0,S2-B1,1.0,P41,slice,S2,alpha,4.1918761492080554e-09,11.0,P3
47.0,S2-B1,2.0,P41,post,S2,alpha,3.182520053265873e-09,11.0,O1
47.0,S2-B1,2.0,P41,pre,S2,alpha,3.170572678593912e-09,11.0,O1
47.0,S2-B1,2.0,P41,slice,S2,alpha,3.673129359241292e-09,11.0,O1
47.0,S2-B1,3.0,P41,post,S2,alpha,3.625396782832699e-09,11.0,Oz
47.0,S2-B1,3.0,P41,pre,S2,alpha,3.6984293203030085e-09,11.0,Oz
47.0,S2-B1,3.0,P41,slice,S2,alpha,4.192501076820845e-09,11.0,Oz
47.0,S2-B1,4.0,P41,post,S2,alpha,4.553073510174997e-09,11.0,O2
47.0,S2-B1,4.0,P41,pre,S2,alpha,4.70627963982291e-09,11.0,O2
47.0,S2-B1,4.0,P41,slice,S2,alpha,5.212891347048543e-09,11.0,O2
47.0,S2-B1,5.0,P41,post,S2,alpha,5.9383445085178e-09,11.0,P4
47.0,S2-B1,5.0,P41,pre,S2,alpha,6.1488568605795946e-09,11.0,P4
47.0,S2-B1,5.0,P41,slice,S2,alpha,6.696565618081739e-09,11.0,P4
48.0,S2-B1,0.0,P41,post,S2,alpha,5.31228652080878e-09,11.0,Pz
48.0,S2-B1,0.0,P41,pre,S2,alpha,5.111495308108571e-09,11.0,Pz
48.0,S2-B1,0.0,P41,slice,S2,alpha,5.225580370637619e-09,11.0,Pz
48.0,S2-B1,1.0,P41,post,S2,alpha,4.165118264418751e-09,11.0,P3
48.0,S2-B1,1.0,P41,pre,S2,alpha,4.069864875445421e-09,11.0,P3
48.0,S2-B1,1.0,P41,slice,S2,alpha,4.203512951828556e-09,11.0,P3
48.0,S2-B1,2.0,P41,post,S2,alpha,3.5302098853185933e-09,11.0,O1
48.0,S2-B1,2.0,P41,pre,S2,alpha,3.6339157744705284e-09,11.0,O1
48.0,S2-B1,2.0,P41,slice,S2,alpha,3.682679517269536e-09,11.0,O1
48.0,S2-B1,3.0,P41,post,S2,alpha,4.104738421984144e-09,11.0,Oz
48.0,S2-B1,3.0,P41,pre,S2,alpha,4.230005303999789e-09,11.0,Oz
48.0,S2-B1,3.0,P41,slice,S2,alpha,4.2036718005771806e-09,11.0,Oz
48.0,S2-B1,4.0,P41,post,S2,alpha,5.228869320315891e-09,11.0,O2
48.0,S2-B1,4.0,P41,pre,S2,alpha,5.307098843216916e-09,11.0,O2
48.0,S2-B1,4.0,P41,slice,S2,alpha,5.227217389178819e-09,11.0,O2
48.0,S2-B1,5.0,P41,post,S2,alpha,6.820030241898521e-09,11.0,P4
48.0,S2-B1,5.0,P41,pre,S2,alpha,6.801277415532366e-09,11.0,P4
48.0,S2-B1,5.0,P41,slice,S2,alpha,6.7149735533565136e-09,11.0,P4
49.0,S2-B1,0.0,P41,post,S2,alpha,5.1740611852965075e-09,11.0,Pz
49.0,S2-B1,0.0,P41,pre,S2,alpha,5.202621018627943e-09,11.0,Pz
49.0,S2-B1,0.0,P41,slice,S2,alpha,5.233161695294137e-09,11.0,Pz
49.0,S2-B1,1.0,P41,post,S2,alpha,4.127605362974743e-09,11.0,P3
49.0,S2-B1,1.0,P41,pre,S2,alpha,4.1510097875287725e-09,11.0,P3
49.0,S2-B1,1.0,P41,slice,S2,alpha,4.209433693877904e-09,11.0,P3
49.0,S2-B1,2.0,P41,post,S2,alpha,3.602751773295246e-09,11.0,O1
49.0,S2-B1,2.0,P41,pre,S2,alpha,3.814850776571893e-09,11.0,O1
49.0,S2-B1,2.0,P41,slice,S2,alpha,3.687831021370878e-09,11.0,O1
49.0,S2-B1,3.0,P41,post,S2,alpha,4.15793471743062e-09,11.0,Oz
49.0,S2-B1,3.0,P41,pre,S2,alpha,4.494209859299261e-09,11.0,Oz
49.0,S2-B1,3.0,P41,slice,S2,alpha,4.209009170597862e-09,11.0,Oz
49.0,S2-B1,4.0,P41,post,S2,alpha,5.220574479833612e-09,11.0,O2
49.0,S2-B1,4.0,P41,pre,S2,alpha,5.64726068554224e-09,11.0,O2
49.0,S2-B1,4.0,P41,slice,S2,alpha,5.232405625071385e-09,11.0,O2
49.0,S2-B1,5.0,P41,post,S2,alpha,6.715881007136422e-09,11.0,P4
49.0,S2-B1,5.0,P41,pre,S2,alpha,7.180762224060489e-09,11.0,P4
49.0,S2-B1,5.0,P41,slice,S2,alpha,6.721749430679395e-09,11.0,P4
50.0,S2-B1,0.0,P41,post,S2,alpha,4.6786949173648475e-09,11.0,Pz
50.0,S2-B1,0.0,P41,pre,S2,alpha,4.740685595297681e-09,11.0,Pz
50.0,S2-B1,0.0,P41,slice,S2,alpha,5.226325684131998e-09,11.0,Pz
50.0,S2-B1,1.0,P41,post,S2,alpha,3.686876429601187e-09,11.0,P3
50.0,S2-B1,1.0,P41,pre,S2,alpha,3.81837346443823e-09,11.0,P3
50.0,S2-B1,1.0,P41,slice,S2,alpha,4.202368586628447e-09,11.0,P3
50.0,S2-B1,2.0,P41,post,S2,alpha,3.171414287115201e-09,11.0,O1
50.0,S2-B1,2.0,P41,pre,S2,alpha,3.440667384597273e-09,11.0,O1
50.0,S2-B1,2.0,P41,slice,S2,alpha,3.6812530186406305e-09,11.0,O1
50.0,S2-B1,3.0,P41,post,S2,alpha,3.6701703423395077e-09,11.0,Oz
50.0,S2-B1,3.0,P41,pre,S2,alpha,3.966309120458507e-09,11.0,Oz
50.0,S2-B1,3.0,P41,slice,S2,alpha,4.202004031957316e-09,11.0,Oz
50.0,S2-B1,4.0,P41,post,S2,alpha,4.651757845403172e-09,11.0,O2
50.0,S2-B1,4.0,P41,pre,S2,alpha,4.925935254321251e-09,11.0,O2
50.0,S2-B1,4.0,P41,slice,S2,alpha,5.225723601647035e-09,11.0,O2
50.0,S2-B1,5.0,P41,post,S2,alpha,6.075846292475303e-09,11.0,P4
50.0,S2-B1,5.0,P41,pre,S2,alpha,6.285691563115363e-09,11.0,P4
50.0,S2-B1,5.0,P41,slice,S2,alpha,6.715100406994884e-09,11.0,P4
51.0,S2-B1,0.0,P41,post,S2,alpha,4.802340869600223e-09,11.0,Pz
51.0,S2-B1,0.0,P41,pre,S2,alpha,4.775851088640904e-09,11.0,Pz
51.0,S2-B1,0.0,P41,slice,S2,alpha,5.195692541771557e-09,11.0,Pz
51.0,S2-B1,1.0,P41,post,S2,alpha,3.872526406177189e-09,11.0,P3
51.0,S2-B1,1.0,P41,pre,S2,alpha,3.863198373440487e-09,11.0,P3
51.0,S2-B1,1.0,P41,slice,S2,alpha,4.17960177832041e-09,11.0,P3
51.0,S2-B1,2.0,P41,post,S2,alpha,3.732052239337932e-09,11.0,O1
51.0,S2-B1,2.0,P41,pre,S2,alpha,3.538624113423039e-09,11.0,O1
51.0,S2-B1,2.0,P41,slice,S2,alpha,3.6622455109832778e-09,11.0,O1
51.0,S2-B1,3.0,P41,post,S2,alpha,4.425591308400323e-09,11.0,Oz
51.0,S2-B1,3.0,P41,pre,S2,alpha,4.082186604428471e-09,11.0,Oz
51.0,S2-B1,3.0,P41,slice,S2,alpha,4.180081756729161e-09,11.0,Oz
51.0,S2-B1,4.0,P41,post,S2,alpha,5.5312207117680215e-09,11.0,O2
51.0,S2-B1,4.0,P41,pre,S2,alpha,5.061165823954435e-09,11.0,O2
51.0,S2-B1,4.0,P41,slice,S2,alpha,5.196425610019234e-09,11.0,O2
51.0,S2-B1,5.0,P41,post,S2,alpha,6.979777106487373e-09,11.0,P4
51.0,S2-B1,5.0,P41,pre,S2,alpha,6.452994743247847e-09,11.0,P4
51.0,S2-B1,5.0,P41,slice,S2,alpha,6.674943680609054e-09,11.0,P4
52.0,S2-B1,0.0,P41,post,S2,alpha,5.091463785158478e-09,11.0,Pz
52.0,S2-B1,0.0,P41,pre,S2,alpha,5.19324300961402e-09,11.0,Pz
52.0,S2-B1,0.0,P41,slice,S2,alpha,5.210585533198943e-09,11.0,Pz
52.0,S2-B1,1.0,P41,post,S2,alpha,4.250746466931257e-09,11.0,P3
52.0,S2-B1,1.0,P41,pre,S2,alpha,4.412343610064335e-09,11.0,P3
52.0,S2-B1,1.0,P41,slice,S2,alpha,4.191063483751415e-09,11.0,P3
52.0,S2-B1,2.0,P41,post,S2,alpha,3.9997317423868885e-09,11.0,O1
52.0,S2-B1,2.0,P41,pre,S2,alpha,4.2040910034468236e-09,11.0,O1
52.0,S2-B1,2.0,P41,slice,S2,alpha,3.6716762192472685e-09,11.0,O1
52.0,S2-B1,3.0,P41,post,S2,alpha,4.529554392098551e-09,11.0,Oz
52.0,S2-B1,3.0,P41,pre,S2,alpha,4.706436438672702e-09,11.0,Oz
52.0,S2-B1,3.0,P41,slice,S2,alpha,4.191371621472291e-09,11.0,Oz
52.0,S2-B1,4.0,P41,post,S2,alpha,5.4399268058388596e-09,11.0,O2
52.0,S2-B1,4.0,P41,pre,S2,alpha,5.587758384333799e-09,11.0,O2
52.0,S2-B1,4.0,P41,slice,S2,alpha,5.2108504951527495e-09,11.0,O2
52.0,S2-B1,5.0,P41,post,S2,alpha,6.70122881074479e-09,11.0,P4
52.0,S2-B1,5.0,P41,pre,S2,alpha,6.833043601806112e-09,11.0,P4
52.0,S2-B1,5.0,P41,slice,S2,alpha,6.69344916079146e-09,11.0,P4
53.0,S2-B1,0.0,P41,post,S2,alpha,4.774809348277949e-09,11.0,Pz
53.0,S2-B1,0.0,P41,pre,S2,alpha,5.135796715997234e-09,11.0,Pz
53.0,S2-B1,0.0,P41,slice,S2,alpha,5.197955944859632e-09,11.0,Pz
53.0,S2-B1,1.0,P41,post,S2,alpha,3.818119509497165e-09,11.0,P3
53.0,S2-B1,1.0,P41,pre,S2,alpha,4.236733687767177e-09,11.0,P3
53.0,S2-B1,1.0,P41,slice,S2,alpha,4.181130169698896e-09,11.0,P3
53.0,S2-B1,2.0,P41,post,S2,alpha,3.332161790551768e-09,11.0,O1
53.0,S2-B1,2.0,P41,pre,S2,alpha,3.6570738327400217e-09,11.0,O1
53.0,S2-B1,2.0,P41,slice,S2,alpha,3.6634431335435388e-09,11.0,O1
53.0,S2-B1,3.0,P41,post,S2,alpha,3.80289317659872e-09,11.0,Oz
53.0,S2-B1,3.0,P41,pre,S2,alpha,4.003352152480447e-09,11.0,Oz
53.0,S2-B1,3.0,P41,slice,S2,alpha,4.182392700376465e-09,11.0,Oz
53.0,S2-B1,4.0,P41,post,S2,alpha,4.741853629115401e-09,11.0,O2
53.0,S2-B1,4.0,P41,pre,S2,alpha,4.807826770750777e-09,11.0,O2
53.0,S2-B1,4.0,P41,slice,S2,alpha,5.200125078327965e-09,11.0,O2
53.0,S2-B1,5.0,P41,post,S2,alpha,6.132005349543088e-09,11.0,P4
53.0,S2-B1,5.0,P41,pre,S2,alpha,6.093388976170242e-09,11.0,P4
53.0,S2-B1,5.0,P41,slice,S2,alpha,6.679486224749445e-09,11.0,P4
54.0,S2-B1,0.0,P41,post,S2,alpha,4.734761462751507e-09,11.0,Pz
54.0,S2-B1,0.0,P41,pre,S2,alpha,4.824654961555668e-09,11.0,Pz
54.0,S2-B1,0.0,P41,slice,S2,alpha,5.194524245322038e-09,11.0,Pz
54.0,S2-B1,1.0,P41,post,S2,alpha,3.933166898230009e-09,11.0,P3
54.0,S2-B1,1.0,P41,pre,S2,alpha,3.860094519439391e-09,11.0,P3
54.0,S2-B1,1.0,P41,slice,S2,alpha,4.1783836190414124e-09,11.0,P3
54.0,S2-B1,2.0,P41,post,S2,alpha,3.6497045001598255e-09,11.0,O1
54.0,S2-B1,2.0,P41,pre,S2,alpha,3.3662849338725775e-09,11.0,O1
54.0,S2-B1,2.0,P41,slice,S2,alpha,3.66118053842112e-09,11.0,O1
54.0,S2-B1,3.0,P41,post,S2,alpha,4.139122670593483e-09,11.0,Oz
54.0,S2-B1,3.0,P41,pre,S2,alpha,3.859517853849387e-09,11.0,Oz
54.0,S2-B1,3.0,P41,slice,S2,alpha,4.178602580223985e-09,11.0,Oz
54.0,S2-B1,4.0,P41,post,S2,alpha,5.035088517553319e-09,11.0,O2
54.0,S2-B1,4.0,P41,pre,S2,alpha,4.836772022725144e-09,11.0,O2
54.0,S2-B1,4.0,P41,slice,S2,alpha,5.193999820875521e-09,11.0,O2
54.0,S2-B1,5.0,P41,post,S2,alpha,6.3200537180230275e-09,11.0,P4
54.0,S2-B1,5.0,P41,pre,S2,alpha,6.273001380160095e-09,11.0,P4
54.0,S2-B1,5.0,P41,slice,S2,alpha,6.672426325147002e-09,11.0,P4
55.0,S2-B1,0.0,P41,post,S2,alpha,5.619086139354578e-09,11.0,Pz
55.0,S2-B1,0.0,P41,pre,S2,alpha,5.574386274025152e-09,11.0,Pz
55.0,S2-B1,0.0,P41,slice,S2,alpha,5.222589168201487e-09,11.0,Pz
55.0,S2-B1,1.0,P41,post,S2,alpha,4.729768707667503e-09,11.0,P3
55.0,S2-B1,1.0,P41,pre,S2,alpha,4.6272579537910574e-09,11.0,P3
55.0,S2-B1,1.0,P41,slice,S2,alpha,4.200768132402865e-09,11.0,P3
55.0,S2-B1,2.0,P41,post,S2,alpha,4.1028422854134935e-09,11.0,O1
55.0,S2-B1,2.0,P41,pre,S2,alpha,3.985857243565568e-09,11.0,O1
55.0,S2-B1,2.0,P41,slice,S2,alpha,3.6805809143976704e-09,11.0,O1
55.0,S2-B1,3.0,P41,post,S2,alpha,4.427672643124668e-09,11.0,Oz
55.0,S2-B1,3.0,P41,pre,S2,alpha,4.366029271117669e-09,11.0,Oz
55.0,S2-B1,3.0,P41,slice,S2,alpha,4.201018055102048e-09,11.0,Oz
55.0,S2-B1,4.0,P41,post,S2,alpha,5.218198184187903e-09,11.0,O2
55.0,S2-B1,4.0,P41,pre,S2,alpha,5.2421642653636285e-09,11.0,O2
55.0,S2-B1,4.0,P41,slice,S2,alpha,5.22363850555733e-09,11.0,O2
55.0,S2-B1,5.0,P41,post,S2,alpha,6.496639863122107e-09,11.0,P4
55.0,S2-B1,5.0,P41,pre,S2,alpha,6.604034990457854e-09,11.0,P4
55.0,S2-B1,5.0,P41,slice,S2,alpha,6.711573032877088e-09,11.0,P4
56.0,S2-B1,0.0,P41,post,S2,alpha,5.228808771293501e-09,11.0,Pz
56.0,S2-B1,0.0,P41,pre,S2,alpha,5.563826821412519e-09,11.0,Pz
56.0,S2-B1,0.0,P41,slice,S2,alpha,5.230614246627165e-09,11.0,Pz
56.0,S2-B1,1.0,P41,post,S2,alpha,4.216127971100768e-09,11.0,P3
56.0,S2-B1,1.0,P41,pre,S2,alpha,4.4497108643259276e-09,11.0,P3
56.0,S2-B1,1.0,P41,slice,S2,alpha,4.207257107190184e-09,11.0,P3
56.0,S2-B1,2.0,P41,post,S2,alpha,3.5597905375607446e-09,11.0,O1
56.0,S2-B1,2.0,P41,pre,S2,alpha,3.544936766532713e-09,11.0,O1
56.0,S2-B1,2.0,P41,slice,S2,alpha,3.6863126860346563e-09,11.0,O1
56.0,S2-B1,3.0,P41,post,S2,alpha,3.969787397899975e-09,11.0,Oz
56.0,S2-B1,3.0,P41,pre,S2,alpha,3.888427983204355e-09,11.0,Oz
56.0,S2-B1,3.0,P41,slice,S2,alpha,4.207757478641577e-09,11.0,Oz
56.0,S2-B1,4.0,P41,post,S2,alpha,4.900581719802588e-09,11.0,O2
56.0,S2-B1,4.0,P41,pre,S2,alpha,4.821677800957391e-09,11.0,O2
56.0,S2-B1,4.0,P41,slice,S2,alpha,5.229540671103145e-09,11.0,O2
56.0,S2-B1,5.0,P41,post,S2,alpha,6.345922597508841e-09,11.0,P4
56.0,S2-B1,5.0,P41,pre,S2,alpha,6.329444206702803e-09,11.0,P4
56.0,S2-B1,5.0,P41,slice,S2,alpha,6.716656689588323e-09,11.0,P4
57.0,S2-B1,0.0,P41,post,S2,alpha,4.775273605772689e-09,11.0,Pz
57.0,S2-B1,0.0,P41,pre,S2,alpha,4.622056015486574e-09,11.0,Pz
57.0,S2-B1,0.0,P41,slice,S2,alpha,5.228676540764859e-09,11.0,Pz
57.0,S2-B1,1.0,P41,post,S2,alpha,3.840554933379494e-09,11.0,P3
57.0,S2-B1,1.0,P41,pre,S2,alpha,3.6425471621860065e-09,11.0,P3
57.0,S2-B1,1.0,P41,slice,S2,alpha,4.205055821191468e-09,11.0,P3
57.0,S2-B1,2.0,P41,post,S2,alpha,3.2794433076971673e-09,11.0,O1
57.0,S2-B1,2.0,P41,pre,S2,alpha,3.1411076229910783e-09,11.0,O1
57.0,S2-B1,2.0,P41,slice,S2,alpha,3.6835971159412067e-09,11.0,O1
57.0,S2-B1,3.0,P41,post,S2,alpha,3.7049498659790616e-09,11.0,Oz
57.0,S2-B1,3.0,P41,pre,S2,alpha,3.6485727041191564e-09,11.0,Oz
57.0,S2-B1,3.0,P41,slice,S2,alpha,4.203681267707769e-09,11.0,Oz
57.0,S2-B1,4.0,P41,post,S2,alpha,4.605291679359151e-09,11.0,O2
57.0,S2-B1,4.0,P41,pre,S2,alpha,4.638789131908339e-09,11.0,O2
57.0,S2-B1,4.0,P41,slice,S2,alpha,5.225987389926406e-09,11.0,O2
57.0,S2-B1,5.0,P41,post,S2,alpha,5.9583973653923816e-09,11.0,P4
57.0,S2-B1,5.0,P41,pre,S2,alpha,6.072423146590165e-09,11.0,P4
57.0,S2-B1,5.0,P41,slice,S2,alpha,6.71411676729948e-09,11.0,P4
58.0,S2-B1,0.0,P41,post,S2,alpha,5.640752695373088e-09,11.0,Pz
58.0,S2-B1,0.0,P41,pre,S2,alpha,5.180796169761501e-09,11.0,Pz
58.0,S2-B1,0.0,P41,slice,S2,alpha,5.19568790124829e-09,11.0,Pz
58.0,S2-B1,1.0,P41,post,S2,alpha,4.479901670771594e-09,11.0,P3
58.0,S2-B1,1.0,P41,pre,S2,alpha,4.1254571534767186e-09,11.0,P3
58.0,S2-B1,1.0,P41,slice,S2,alpha,4.179773626483929e-09,11.0,P3
58.0,S2-B1,2.0,P41,post,S2,alpha,3.6866663943316296e-09,11.0,O1
58.0,S2-B1,2.0,P41,pre,S2,alpha,3.582975000543555e-09,11.0,O1
58.0,S2-B1,2.0,P41,slice,S2,alpha,3.6616858183615512e-09,11.0,O1
58.0,S2-B1,3.0,P41,post,S2,alpha,4.1680262915218245e-09,11.0,Oz
58.0,S2-B1,3.0,P41,pre,S2,alpha,4.125457842953432e-09,11.0,Oz
58.0,S2-B1,3.0,P41,slice,S2,alpha,4.178902757683754e-09,11.0,Oz
58.0,S2-B1,4.0,P41,post,S2,alpha,5.231718163684579e-09,11.0,O2
58.0,S2-B1,4.0,P41,pre,S2,alpha,5.169667700077431e-09,11.0,O2
58.0,S2-B1,4.0,P41,slice,S2,alpha,5.194886754399349e-09,11.0,O2
58.0,S2-B1,5.0,P41,post,S2,alpha,6.820055904622655e-09,11.0,P4
58.0,S2-B1,5.0,P41,pre,S2,alpha,6.652386952417264e-09,11.0,P4
58.0,S2-B1,5.0,P41,slice,S2,alpha,6.672388813754023e-09,11.0,P4
59.0,S2-B1,0.0,P41,post,S2,alpha,5.256084089002692e-09,11.0,Pz
59.0,S2-B1,0.0,P41,pre,S2,alpha,5.245776013486559e-09,11.0,Pz
59.0,S2-B1,0.0,P41,slice,S2,alpha,5.211382394928495e-09,11.0,Pz
59.0,S2-B1,1.0,P41,post,S2,alpha,4.1837987900581865e-09,11.0,P3
59.0,S2-B1,1.0,P41,pre,S2,alpha,4.1195280250091415e-09,11.0,P3
59.0,S2-B1,1.0,P41,slice,S2,alpha,4.191471818141865e-09,11.0,P3
59.0,S2-B1,2.0,P41,post,S2,alpha,3.542254510934982e-09,11.0,O1
59.0,S2-B1,2.0,P41,pre,S2,alpha,3.5842352939244702e-09,11.0,O1
59.0,S2-B1,2.0,P41,slice,S2,alpha,3.6716514503045235e-09,11.0,O1
59.0,S2-B1,3.0,P41,post,S2,alpha,4.041734266238395e-09,11.0,Oz
59.0,S2-B1,3.0,P41,pre,S2,alpha,4.2067564421772175e-09,11.0,Oz
59.0,S2-B1,3.0,P41,slice,S2,alpha,4.190892104950906e-09,11.0,Oz
59.0,S2-B1,4.0,P41,post,S2,alpha,5.077819609150793e-09,11.0,O2
59.0,S2-B1,4.0,P41,pre,S2,alpha,5.361921541760857e-09,11.0,O2
59.0,S2-B1,4.0,P41,slice,S2,alpha,5.210257485212431e-09,11.0,O2
59.0,S2-B1,5.0,P41,post,S2,alpha,6.591771812797695e-09,11.0,P4
59.0,S2-B1,5.0,P41,pre,S2,alpha,6.94997967074162e-09,11.0,P4
59.0,S2-B1,5.0,P41,slice,S2,alpha,6.692939905965126e-09,11.0,P4
60.0,S2-B1,0.0,P41,post,S2,alpha,4.71823676403075e-09,11.0,Pz
60.0,S2-B1,0.0,P41,pre,S2,alpha,4.58593744346076e-09,11.0,Pz
60.0,S2-B1,0.0,P41,slice,S2,alpha,5.214371119822312e-09,11.0,Pz
60.0,S2-B1,1.0,P41,post,S2,alpha,3.7088385887397357e-09,11.0,P3
60.0,S2-B1,1.0,P41,pre,S2,alpha,3.6559505791589625e-09,11.0,P3
60.0,S2-B1,1.0,P41,slice,S2,alpha,4.193738038049915e-09,11.0,P3
60.0,S2-B1,2.0,P41,post,S2,alpha,3.1556009455524525e-09,11.0,O1
60.0,S2-B1,2.0,P41,pre,S2,alpha,3.267825577290174e-09,11.0,O1
60.0,S2-B1,2.0,P41,slice,S2,alpha,3.6742921176492814e-09,11.0,O1
60.0,S2-B1,3.0,P41,post,S2,alpha,3.645623402440552e-09,11.0,Oz
60.0,S2-B1,3.0,P41,pre,S2,alpha,3.8052854595641675e-09,11.0,Oz
60.0,S2-B1,3.0,P41,slice,S2,alpha,4.193366238715013e-09,11.0,Oz
60.0,S2-B1,4.0,P41,post,S2,alpha,4.630180977867301e-09,11.0,O2
60.0,S2-B1,4.0,P41,pre,S2,alpha,4.786870947580546e-09,11.0,O2
60.0,S2-B1,4.0,P41,slice,S2,alpha,5.213602027401633e-09,11.0,O2
60.0,S2-B1,5.0,P41,post,S2,alpha,6.067633182559958e-09,11.0,P4
60.0,S2-B1,5.0,P41,pre,S2,alpha,6.164068275294252e-09,11.0,P4
60.0,S2-B1,5.0,P41,slice,S2,alpha,6.6982800193751e-09,11.0,P4
61.0,S2-B1,0.0,P41,post,S2,alpha,4.983503711150793e-09,11.0,Pz
61.0,S2-B1,0.0,P41,pre,S2,alpha,4.857299715148041e-09,11.0,Pz
61.0,S2-B1,0.0,P41,slice,S2,alpha,5.196035108533091e-09,11.0,Pz
61.0,S2-B1,1.0,P41,post,S2,alpha,3.946049274393283e-09,11.0,P3
61.0,S2-B1,1.0,P41,pre,S2,alpha,3.913490938099357e-09,11.0,P3
61.0,S2-B1,1.0,P41,slice,S2,alpha,4.180720953560193e-09,11.0,P3
61.0,S2-B1,2.0,P41,post,S2,alpha,3.6784023375162563e-09,11.0,O1
61.0,S2-B1,2.0,P41,pre,S2,alpha,3.6086343587129717e-09,11.0,O1
61.0,S2-B1,2.0,P41,slice,S2,alpha,3.663612436695804e-09,11.0,O1
61.0,S2-B1,3.0,P41,post,S2,alpha,4.390671107362305e-09,11.0,Oz
61.0,S2-B1,3.0,P41,pre,S2,alpha,4.193511099641696e-09,11.0,Oz
61.0,S2-B1,3.0,P41,slice,S2,alpha,4.180643248326027e-09,11.0,Oz
61.0,S2-B1,4.0,P41,post,S2,alpha,5.5633439544537095e-09,11.0,O2
61.0,S2-B1,4.0,P41,pre,S2,alpha,5.2158097062636894e-09,11.0,O2
61.0,S2-B1,4.0,P41,slice,S2,alpha,5.197166759014135e-09,11.0,O2
61.0,S2-B1,5.0,P41,post,S2,alpha,7.1087675006961234e-09,11.0,P4
61.0,S2-B1,5.0,P41,pre,S2,alpha,6.639028052259161e-09,11.0,P4
61.0,S2-B1,5.0,P41,slice,S2,alpha,6.675419411971113e-09,11.0,P4
